job,balance,housing,loan,contact,day,month,duration,campaign,pdays,previous,y
10,1787,1,1,0,19,10,79,1,-1,0,no
7,4789,0,0,0,11,5,220,1,339,4,no
4,1350,0,1,0,16,4,185,1,330,1,no
4,747,1,1,0,23,2,141,2,176,3,no
6,307,0,1,0,14,5,341,1,330,2,no
9,147,0,1,0,6,5,151,2,-1,0,no
7,-88,0,0,0,17,4,313,1,147,2,no
0,264,0,1,0,17,4,113,2,-1,0,no
9,1109,1,1,0,13,8,328,2,-1,0,no
8,502,1,1,0,30,4,261,1,-1,0,yes
1,360,0,0,0,29,1,89,1,241,1,no
4,194,1,0,0,29,8,189,2,-1,0,no
9,4073,1,1,0,27,8,239,5,-1,0,no
0,2317,0,1,0,20,4,114,1,152,2,no
7,132,1,1,0,7,7,148,1,152,1,no
4,16,1,1,0,19,11,140,3,-1,0,no
2,93,1,1,0,7,7,125,2,-1,0,no
3,543,1,1,0,30,1,169,3,-1,0,no
4,5883,1,1,0,20,11,182,2,-1,0,no
6,784,1,0,0,30,7,149,2,-1,0,no
0,105,1,0,0,21,8,74,2,-1,0,no
5,4189,1,1,1,14,7,897,2,-1,0,yes
9,171,1,1,0,27,8,81,3,-1,0,no
4,42,1,1,0,21,11,40,1,-1,0,no
4,2536,0,1,0,26,8,958,6,-1,0,yes
9,1235,1,1,0,13,8,354,3,-1,0,yes
5,229,1,1,1,22,10,97,1,-1,0,yes
1,2089,0,1,0,14,11,132,1,-1,0,yes
4,3935,0,1,0,6,5,765,1,342,2,yes
4,553,1,1,0,11,8,106,2,-1,0,no
1,1117,0,1,0,13,5,365,1,-1,0,no
9,396,0,1,0,13,5,205,3,-1,0,no
9,2204,0,1,0,21,11,11,4,-1,0,no
1,145,1,1,1,2,2,59,3,5,2,no
2,-849,0,0,0,4,2,204,1,-1,0,no
9,228,0,1,0,20,8,1740,2,-1,0,no
9,50,1,1,0,29,8,98,2,-1,0,no
9,1539,0,1,0,15,6,441,1,56,1,yes
1,2231,0,1,0,14,7,272,3,-1,0,no
0,3064,0,1,1,15,7,159,2,-1,0,no
4,82,1,0,1,4,2,140,1,-1,0,no
6,2155,1,1,0,17,11,295,1,-1,0,no
1,-516,1,0,1,8,7,554,3,-1,0,no
5,415,0,1,0,7,10,323,1,-1,0,no
4,5887,1,1,0,13,8,227,2,-1,0,no
7,1355,1,1,0,4,7,134,2,-1,0,no
0,16873,1,1,0,7,10,223,1,-1,0,no
1,203,0,1,0,8,5,134,1,170,5,no
7,338,0,1,0,28,1,155,1,-1,0,no
9,444,0,1,0,21,7,130,4,-1,0,no
4,0,1,0,0,7,7,630,3,-1,0,no
9,360,1,1,0,19,11,164,2,-1,0,no
4,0,1,1,0,16,7,268,2,182,3,yes
4,3222,1,1,0,14,8,67,2,-1,0,no
1,174,0,1,0,14,5,367,2,297,1,no
9,591,1,0,0,14,8,87,6,-1,0,no
1,388,1,1,0,5,2,701,1,-1,0,no
10,219,0,1,0,17,11,204,2,196,1,no
0,451,0,1,0,16,7,652,1,-1,0,yes
5,5,1,1,0,26,8,63,2,-1,0,no
0,177,0,0,0,6,5,150,1,-1,0,no
7,657,1,1,1,7,7,398,2,460,2,yes
4,1315,1,1,0,30,6,224,1,-1,0,yes
9,879,1,0,0,7,7,60,4,-1,0,no
0,424,0,1,0,17,4,279,1,-1,0,no
1,111,1,1,0,18,11,201,2,-1,0,no
7,-195,0,1,0,18,5,391,1,-1,0,yes
4,3616,1,1,0,14,8,165,2,-1,0,no
1,14093,1,1,0,11,8,231,5,-1,0,no
0,261,1,1,0,19,10,233,1,137,20,no
1,2843,1,1,0,12,2,473,1,182,1,no
10,406,1,1,0,4,2,736,1,-1,0,yes
4,493,0,1,0,11,5,553,1,367,7,no
9,5996,1,1,1,21,11,345,2,-1,0,no
7,3777,0,1,1,13,5,65,2,-1,0,no
4,574,0,1,0,14,4,259,2,145,3,no
6,483,0,1,0,3,2,280,2,-1,0,no
10,3391,1,1,0,21,4,243,1,-1,0,yes
3,0,0,1,0,23,7,435,3,-1,0,no
8,2488,1,1,0,30,6,258,6,169,3,yes
4,1517,0,1,1,29,7,7,5,-1,0,no
6,217,0,0,0,15,7,317,5,-1,0,no
1,22,1,1,0,30,1,76,2,207,1,no
8,331,1,1,1,26,8,170,4,-1,0,yes
9,505,1,0,0,17,11,386,2,-1,0,yes
7,1808,0,1,0,18,5,83,2,-1,0,no
0,4111,1,0,0,19,8,65,1,-1,0,no
1,52,1,1,0,13,8,69,1,-1,0,no
0,1890,0,1,0,21,7,588,1,-1,0,no
1,419,1,1,0,18,8,113,4,-1,0,no
1,-231,1,0,0,15,7,779,2,-1,0,no
4,-55,0,1,0,11,5,281,2,266,6,no
6,462,1,1,0,21,8,1877,3,-1,0,yes
9,586,1,0,0,28,7,32,3,-1,0,no
1,228,1,1,1,5,2,176,1,288,3,no
5,4659,1,1,0,14,4,161,1,-1,0,yes
1,168,0,1,0,18,11,187,3,-1,0,no
4,0,1,1,0,28,8,236,10,-1,0,no
0,428,0,0,0,7,5,54,1,345,2,no
4,0,1,1,0,5,2,71,1,-1,0,no
4,-970,0,1,0,4,2,489,1,-1,0,yes
4,948,1,1,0,12,8,204,2,-1,0,no
4,0,0,1,0,22,7,455,2,-1,0,no
4,874,0,1,0,18,11,190,2,-1,0,no
4,106,1,0,0,11,8,588,2,-1,0,no
9,1152,0,1,0,21,7,168,5,-1,0,no
0,179,0,1,0,29,1,194,4,436,1,no
4,442,0,0,0,29,7,102,3,-1,0,no
2,8104,1,1,0,6,2,213,2,-1,0,no
9,308,1,1,0,22,8,77,2,-1,0,no
0,602,1,1,0,1,6,324,3,90,2,yes
9,273,0,1,0,29,1,84,3,183,3,no
6,50,1,1,0,29,1,168,1,-1,0,no
9,1641,0,1,0,17,4,380,1,-1,0,no
4,80,1,1,0,20,10,676,2,146,2,yes
3,499,1,1,1,16,3,80,4,-1,0,no
1,1269,0,1,0,29,1,549,2,-1,0,no
1,1143,0,0,0,10,7,412,1,-1,0,no
4,37,1,1,0,28,1,253,2,-1,0,no
0,462,0,0,0,6,4,272,1,335,4,no
0,1031,0,1,0,17,7,84,1,-1,0,no
4,9009,1,1,0,20,11,135,2,-1,0,no
0,-465,0,0,0,23,7,166,1,-1,0,no
0,5181,0,0,0,31,7,18,7,-1,0,no
0,176,0,1,0,5,5,147,2,347,1,no
0,0,0,1,0,17,11,65,2,119,1,no
9,172,0,0,0,2,2,194,2,-1,0,no
7,0,1,0,0,11,7,333,2,-1,0,no
0,6979,0,1,0,15,5,14,5,-1,0,no
6,1972,0,1,0,23,7,61,2,-1,0,no
0,899,0,1,1,19,11,377,3,7,4,no
7,21,0,1,0,2,2,96,1,271,2,no
9,23,0,1,0,8,5,152,2,347,1,no
5,-1206,0,1,0,15,6,382,2,-1,0,yes
1,0,0,0,1,23,7,97,6,-1,0,no
6,215,0,1,0,29,7,543,12,-1,0,no
4,1372,1,1,0,20,11,240,2,-1,0,no
8,9216,1,1,0,5,6,471,2,-1,0,no
5,39,0,1,0,30,7,354,3,-1,0,no
7,1,1,0,0,21,11,152,2,-1,0,no
9,782,1,1,0,3,4,285,1,-1,0,no
5,3771,1,1,1,15,4,185,1,181,2,yes
9,992,0,1,0,4,5,301,1,88,2,no
9,1526,1,1,0,6,8,273,2,-1,0,no
9,2658,0,1,0,19,8,768,2,141,3,yes
4,1315,0,1,0,19,11,1337,4,126,1,no
1,455,1,1,1,21,4,403,1,-1,0,yes
9,0,0,1,0,18,11,139,2,-1,0,no
9,2030,0,0,0,9,7,196,1,-1,0,no
9,1599,0,1,0,8,7,115,1,61,1,no
7,-196,0,1,0,2,2,60,1,271,1,no
5,1333,1,1,0,28,8,17,14,-1,0,no
9,9149,0,1,0,13,8,141,3,-1,0,no
9,432,0,1,0,15,5,10,2,373,1,no
6,11494,1,1,0,19,11,198,1,-1,0,no
4,-253,1,1,0,12,8,220,4,-1,0,no
4,372,0,1,0,3,8,654,2,-1,0,yes
9,1410,1,1,0,11,8,71,2,-1,0,no
1,975,0,1,0,13,5,256,2,351,2,no
1,305,0,0,1,10,7,834,10,-1,0,no
7,400,1,1,0,21,8,151,3,-1,0,no
5,-22,0,1,0,31,7,20,3,-1,0,no
6,204,1,1,0,13,8,111,7,-1,0,no
4,1691,0,1,0,20,11,186,1,-1,0,no
9,-204,1,1,0,15,5,297,3,-1,0,no
9,359,0,1,0,20,4,210,1,242,1,no
1,123,0,1,0,18,5,9,1,-1,0,no
9,0,0,0,0,23,9,112,1,62,6,no
9,33,0,1,0,13,5,195,3,351,10,no
1,0,0,1,0,26,7,768,2,91,5,no
8,3096,1,1,0,26,1,123,1,-1,0,no
9,20,1,1,0,27,8,145,3,-1,0,no
1,3576,0,1,0,2,4,124,1,308,2,no
10,1634,0,1,0,22,7,168,4,-1,0,no
0,1,0,1,0,22,7,483,7,-1,0,no
6,4012,1,1,0,19,11,690,3,-1,0,no
4,3762,1,1,0,28,8,125,12,-1,0,no
4,0,0,1,0,28,1,60,1,250,1,no
10,0,1,1,0,27,5,123,2,-1,0,no
4,484,0,1,0,11,7,144,2,-1,0,no
9,0,1,0,0,8,5,9,2,172,5,no
4,395,0,1,0,9,2,155,3,-1,0,no
4,2349,1,1,0,14,8,134,5,-1,0,no
1,410,1,0,0,11,7,221,2,-1,0,no
5,3401,0,1,0,3,2,84,3,265,2,no
1,222,1,1,0,8,8,71,2,-1,0,no
4,415,1,0,0,23,7,361,2,-1,0,no
10,16,1,1,0,12,8,119,4,-1,0,no
9,7190,0,1,0,29,7,375,2,-1,0,no
1,482,1,0,0,10,7,1097,3,-1,0,yes
3,209,0,0,0,25,7,97,1,-1,0,no
9,0,1,1,0,26,8,181,2,-1,0,no
9,5803,1,1,0,2,2,83,3,-1,0,no
2,624,1,0,0,21,7,180,4,-1,0,no
9,883,1,1,0,18,8,543,1,78,2,no
9,-988,0,0,0,15,7,83,3,-1,0,no
0,902,0,1,1,31,7,58,13,-1,0,no
7,1007,1,1,0,29,7,88,6,-1,0,no
7,0,0,1,0,2,6,297,1,28,3,no
1,174,0,0,0,18,5,487,1,-1,0,yes
6,524,0,1,0,21,11,484,4,-1,0,no
1,0,0,1,0,21,7,262,4,-1,0,no
3,11219,1,1,0,12,8,699,2,79,1,no
9,0,1,1,0,28,8,247,2,-1,0,no
1,5776,1,1,0,18,11,49,3,-1,0,no
1,37,0,1,0,13,5,341,1,-1,0,no
1,1148,0,1,0,20,4,121,1,-1,0,no
4,49,0,1,0,17,7,312,5,-1,0,no
0,69,1,0,0,4,8,120,3,1,6,yes
1,4108,0,1,0,7,8,526,2,-1,0,yes
7,4994,1,1,0,18,8,62,6,-1,0,no
9,0,0,0,0,15,7,135,5,-1,0,no
4,3681,1,1,0,14,8,101,2,-1,0,no
4,451,1,1,0,28,1,451,1,-1,0,no
2,593,0,0,0,24,7,1484,24,-1,0,yes
1,759,0,1,0,9,4,317,5,-1,0,yes
5,4531,1,1,0,18,5,445,1,-1,0,no
5,1840,1,1,0,1,6,383,2,188,5,no
1,345,0,1,1,22,7,605,1,-1,0,no
1,1287,0,1,0,14,7,330,2,-1,0,no
9,205,1,0,0,23,7,442,2,-1,0,no
2,687,0,1,0,17,4,772,1,-1,0,yes
0,605,1,1,0,18,11,147,2,-1,0,no
1,8545,0,0,0,6,5,199,7,167,1,no
1,2,0,1,0,30,7,783,3,-1,0,no
4,2,1,0,0,20,8,472,2,-1,0,no
0,760,0,1,0,27,5,223,3,89,2,yes
1,182,1,1,0,4,2,56,1,-1,0,no
2,2971,1,1,0,4,5,429,4,164,2,yes
1,-67,1,1,0,2,2,157,1,-1,0,no
6,179,1,0,0,29,7,79,4,-1,0,no
4,1199,1,1,0,4,8,178,1,1,1,yes
9,6699,1,1,0,9,11,425,1,462,1,no
10,1760,1,0,0,19,11,162,1,-1,0,no
2,145,0,1,0,18,7,799,2,-1,0,yes
10,978,1,1,0,29,dec,1370,3,209,3,yes
0,121,1,1,0,22,7,22,6,-1,0,no
9,828,0,1,0,16,4,215,3,321,3,no
0,244,0,1,0,31,7,56,4,-1,0,no
7,228,0,1,0,21,7,1017,6,-1,0,yes
4,424,1,1,0,16,4,298,4,-1,0,yes
4,1410,0,1,0,5,2,8,1,254,5,no
5,1084,1,1,0,14,10,201,1,183,1,no
6,10924,1,1,0,6,5,106,2,-1,0,no
4,832,0,0,0,21,11,164,1,176,1,no
5,478,1,1,0,5,2,97,1,-1,0,no
4,0,1,0,0,23,7,151,1,-1,0,no
1,219,0,0,0,11,5,270,2,347,1,no
4,1602,1,1,0,29,7,339,3,-1,0,no
4,2587,1,1,0,4,9,328,2,94,2,yes
6,2303,0,1,0,6,5,323,2,364,1,no
1,1660,0,1,0,20,4,342,1,-1,0,no
4,32,0,1,0,21,11,180,1,-1,0,no
4,278,1,0,0,28,7,60,3,-1,0,no
4,4,1,1,0,17,11,223,1,96,2,no
4,318,0,1,0,18,5,1434,2,356,4,no
0,4099,1,1,0,2,4,397,2,-1,0,yes
8,2572,0,1,0,5,5,620,1,-1,0,no
4,339,1,1,0,21,11,6,6,-1,0,no
1,0,0,0,0,7,5,209,2,-1,0,no
1,2039,0,1,0,18,11,283,2,-1,0,no
4,5450,1,1,0,8,8,188,2,-1,0,no
8,780,1,1,0,16,9,267,1,-1,0,no
9,0,0,1,0,7,4,196,2,-1,0,no
4,8436,0,1,0,17,4,245,1,149,2,no
9,11262,1,1,0,26,8,323,1,-1,0,yes
2,946,0,1,0,19,11,1065,1,183,1,no
5,55,1,1,0,4,6,207,1,-1,0,no
9,-379,0,1,0,5,8,261,1,-1,0,no
0,-396,0,1,0,11,5,80,1,308,4,no
7,0,0,1,0,18,5,131,6,363,9,no
4,393,0,1,0,14,5,567,3,275,4,yes
7,468,0,1,0,13,5,109,1,-1,0,no
1,0,0,1,0,30,4,53,1,325,1,no
5,9676,1,1,1,27,3,234,2,-1,0,yes
7,1328,0,1,1,13,5,121,2,341,4,no
1,8,0,1,0,15,7,155,2,-1,0,no
1,61,1,1,0,17,4,108,1,-1,0,no
1,1005,1,1,0,12,5,215,1,-1,0,no
4,1240,0,1,0,4,2,505,2,260,1,no
9,0,1,1,0,27,8,106,4,-1,0,no
1,43,0,1,0,14,5,332,2,358,2,no
0,613,0,1,0,4,6,80,1,-1,0,no
9,6101,1,1,0,4,5,60,5,87,1,no
1,168,0,0,1,13,5,212,3,-1,0,no
1,7685,0,1,0,14,4,493,3,-1,0,no
9,4515,0,1,0,19,11,98,2,-1,0,no
1,517,1,0,0,8,7,681,1,-1,0,yes
1,148,1,1,0,22,7,203,1,-1,0,no
5,-285,1,0,0,19,11,157,1,-1,0,no
6,3098,0,1,0,7,8,159,2,-1,0,no
9,130,1,1,0,8,7,202,2,-1,0,no
4,438,0,1,1,8,5,37,3,303,1,no
0,0,1,1,0,28,1,161,1,98,2,yes
4,322,1,1,0,6,8,72,4,-1,0,no
1,186,1,1,0,2,2,342,1,-1,0,no
5,3810,0,1,0,16,11,262,1,183,1,yes
4,0,1,1,0,13,8,325,2,-1,0,no
1,4380,1,1,1,19,8,223,7,-1,0,no
4,755,1,1,0,31,7,1212,4,-1,0,yes
7,2070,1,1,0,29,8,319,2,-1,0,no
1,999,1,1,0,29,1,182,2,-1,0,no
6,167,0,0,0,17,7,330,1,-1,0,no
9,1322,0,0,0,19,11,514,1,-1,0,no
4,502,0,1,0,7,5,551,1,351,1,no
9,1216,0,1,0,16,4,472,2,-1,0,no
4,876,0,1,0,15,4,140,4,327,2,no
4,542,0,1,0,20,11,1816,1,-1,0,no
4,995,1,1,0,4,2,200,3,-1,0,no
4,20,0,1,0,12,5,418,1,-1,0,no
9,228,0,1,0,22,7,387,4,-1,0,no
1,130,1,1,0,5,5,156,1,337,3,no
4,217,1,0,0,21,7,121,2,-1,0,no
6,259,0,1,0,7,5,47,1,-1,0,no
0,619,0,1,0,20,4,16,5,322,4,no
4,644,0,1,0,18,11,54,2,-1,0,no
4,22,0,1,0,6,8,265,2,-1,0,no
0,239,0,1,0,7,5,115,3,-1,0,no
9,275,1,1,0,26,8,31,8,-1,0,no
4,1221,0,1,1,25,7,279,4,-1,0,yes
5,816,1,1,0,1,9,28,2,-1,0,no
1,1222,0,1,0,20,4,369,1,-1,0,no
5,2262,1,1,0,22,4,155,1,-1,0,no
0,2,1,1,0,10,7,89,1,-1,0,no
2,2,0,1,0,17,11,180,1,-1,0,no
9,4508,0,1,0,18,11,854,1,-1,0,yes
0,-402,0,1,0,17,4,46,1,-1,0,no
1,34,0,1,0,5,5,321,2,-1,0,no
4,795,1,1,0,28,8,99,24,-1,0,no
6,5462,1,1,0,30,4,430,1,-1,0,yes
7,402,1,0,0,7,7,264,1,-1,0,no
9,641,1,1,0,16,7,156,6,-1,0,no
4,36,1,1,0,26,5,118,1,102,2,no
1,283,0,1,0,7,8,226,3,-1,0,no
1,3102,0,1,0,20,11,138,1,-1,0,no
1,889,0,1,0,10,9,185,1,99,5,yes
3,0,1,1,1,3,2,722,1,99,4,no
4,10378,0,1,0,17,11,523,3,-1,0,no
4,8969,0,1,0,17,11,153,1,-1,0,no
2,15,0,1,0,10,7,121,1,-1,0,no
0,4608,1,1,0,12,3,212,1,-1,0,yes
5,7802,1,1,1,4,5,421,1,92,2,yes
4,237,0,1,1,9,7,236,4,-1,0,no
9,694,0,1,0,4,2,97,4,196,5,no
4,0,1,1,0,14,7,109,8,-1,0,no
4,55,0,1,0,2,6,112,2,-1,0,no
7,-404,0,1,0,22,7,502,3,-1,0,no
4,641,0,1,0,13,8,347,2,-1,0,no
0,1796,1,1,1,16,3,295,1,91,2,yes
0,22,1,1,0,26,8,388,6,-1,0,yes
9,244,0,1,0,12,8,1735,4,-1,0,yes
3,7317,0,1,0,13,5,172,1,370,1,no
9,4943,0,0,0,19,11,117,2,-1,0,no
4,515,0,1,0,19,11,501,2,-1,0,no
4,12607,1,1,0,14,8,203,5,84,1,no
0,2,0,0,1,25,7,282,9,-1,0,no
4,13,1,1,0,28,8,110,5,-1,0,no
8,103,1,1,0,10,7,104,2,-1,0,yes
4,3872,1,1,0,15,10,231,1,-1,0,no
6,217,1,0,0,15,7,193,6,-1,0,no
1,428,0,1,0,12,5,92,1,-1,0,no
1,315,1,1,0,23,6,1407,1,-1,0,yes
1,121,0,0,0,6,2,168,1,212,2,no
4,820,0,1,0,17,7,738,3,-1,0,no
9,195,0,1,0,18,2,220,1,63,5,yes
4,-381,0,1,0,31,7,30,29,-1,0,no
10,757,1,1,0,20,4,103,1,325,4,no
1,1925,0,1,0,20,4,904,2,-1,0,yes
4,902,0,1,0,14,5,159,1,367,2,no
5,5207,1,1,0,11,9,336,1,81,2,no
2,665,1,1,1,17,11,238,1,-1,0,no
0,738,0,1,0,21,11,585,4,191,4,no
1,233,1,1,0,8,8,293,3,-1,0,no
10,66,1,1,0,9,7,218,3,-1,0,no
7,2567,0,1,0,14,5,109,1,360,2,no
4,1584,0,1,1,21,11,661,1,-1,0,no
7,182,0,1,0,6,5,145,1,-1,0,no
4,76,0,1,1,18,5,54,4,-1,0,no
0,663,0,1,0,20,4,111,1,-1,0,no
1,15,1,1,0,3,6,136,1,-1,0,no
1,1054,1,1,0,4,8,273,1,-1,0,no
4,1529,1,1,0,30,6,160,1,-1,0,no
4,63,1,1,0,28,7,76,4,-1,0,no
9,0,1,1,0,19,8,44,1,-1,0,no
0,3696,1,1,0,12,7,250,2,181,4,yes
7,0,0,1,0,23,7,198,13,-1,0,no
0,2465,1,1,0,20,8,157,3,-1,0,no
1,0,0,1,0,24,7,90,6,-1,0,no
6,2,1,1,0,5,2,236,2,-1,0,no
4,0,1,1,0,16,7,118,5,-1,0,no
4,12437,1,1,1,18,11,40,1,-1,0,no
8,378,0,1,0,17,4,346,1,-1,0,no
9,-228,0,1,0,20,4,187,3,332,3,no
5,2747,1,1,0,11,9,113,1,80,1,no
0,1314,0,1,0,8,5,682,2,85,7,no
1,2275,1,1,0,25,8,139,9,-1,0,no
4,1304,1,1,0,6,8,501,2,-1,0,yes
1,720,1,0,0,24,7,651,1,-1,0,yes
9,2914,0,1,0,18,8,405,13,-1,0,no
8,11555,1,1,0,8,4,125,2,-1,0,no
7,-302,0,1,0,13,5,36,2,-1,0,no
9,2497,0,1,0,21,11,35,1,176,1,no
9,56,0,0,0,29,1,194,1,247,1,no
6,211,1,1,0,29,1,168,3,-1,0,no
10,0,1,1,0,30,1,3025,2,-1,0,no
8,459,1,1,0,16,3,83,13,-1,0,no
6,1138,1,1,0,14,8,219,10,-1,0,no
4,1319,0,1,0,16,4,427,1,150,1,no
5,1,1,1,0,19,8,65,5,-1,0,no
7,67,0,1,0,5,5,192,2,-1,0,no
7,0,0,0,0,11,5,161,1,-1,0,no
4,-558,0,1,0,21,7,533,1,-1,0,no
1,171,1,1,0,4,2,19,3,175,2,no
9,696,1,0,0,5,2,193,1,176,8,no
4,361,0,0,0,28,7,819,3,-1,0,no
9,227,1,1,0,30,4,278,1,-1,0,yes
0,236,0,0,1,4,5,211,3,-1,0,no
4,-53,1,1,0,29,1,617,2,-1,0,no
9,192,0,1,0,23,7,61,2,-1,0,no
4,38,0,1,0,25,7,197,6,-1,0,no
6,518,0,1,0,18,5,34,7,-1,0,no
6,16,0,0,0,18,7,95,4,-1,0,no
1,105,1,0,0,4,7,668,2,-1,0,no
9,1048,1,0,0,21,7,405,1,-1,0,no
9,660,1,1,0,22,6,115,1,-1,0,no
10,0,0,1,0,10,7,108,1,-1,0,no
3,201,0,1,0,7,8,58,2,382,1,no
3,189,1,1,0,8,8,148,4,-1,0,no
9,1413,0,1,1,28,7,75,3,-1,0,no
5,264,0,0,0,8,7,523,3,-1,0,no
2,54,0,0,1,18,11,103,1,-1,0,no
1,12519,0,1,0,17,4,146,2,147,4,no
7,2881,1,1,0,2,7,356,1,-1,0,yes
1,0,0,1,0,17,7,71,1,-1,0,no
0,88,0,0,0,8,8,189,2,-1,0,no
9,119,1,1,0,23,7,127,8,-1,0,no
10,1594,1,1,1,4,2,197,1,-1,0,no
9,342,0,0,0,5,5,84,1,-1,0,no
2,81,1,1,0,21,7,262,3,-1,0,no
6,231,1,1,0,7,8,352,2,-1,0,yes
9,1161,0,1,0,9,4,236,1,336,1,no
4,231,0,0,0,25,7,568,2,-1,0,no
4,36,1,1,0,27,8,105,2,-1,0,no
9,1570,0,1,0,26,5,260,1,-1,0,no
9,7050,1,1,0,11,8,222,3,182,4,yes
9,6619,0,1,0,21,8,239,8,-1,0,no
1,-84,0,1,0,11,5,426,1,-1,0,no
4,1509,1,1,0,12,5,333,1,58,3,no
6,1134,1,1,0,6,2,174,2,-1,0,no
4,9449,0,1,0,8,5,428,1,-1,0,no
5,374,0,0,0,16,7,236,1,-1,0,no
9,88,1,1,0,29,8,150,2,-1,0,no
4,2764,1,1,0,24,dec,237,1,206,2,no
4,2,0,0,0,25,7,1031,8,-1,0,yes
9,8023,1,1,0,30,11,107,1,105,3,no
5,0,1,1,0,18,3,140,10,-1,0,no
4,280,1,0,0,18,11,155,1,-1,0,no
6,33,1,1,0,6,8,165,4,-1,0,no
1,275,1,0,0,10,7,144,5,-1,0,no
2,890,0,0,0,28,8,27,10,-1,0,no
6,548,1,1,0,12,8,1181,4,-1,0,yes
9,272,1,1,0,26,8,103,2,-1,0,no
4,6269,0,1,1,18,11,249,3,112,2,no
2,178,0,1,0,5,5,231,4,-1,0,no
4,252,0,0,0,13,4,123,2,147,3,no
3,23663,0,1,0,16,4,199,2,146,2,no
2,81,1,1,0,5,2,197,1,199,3,no
7,1343,1,0,0,8,7,220,1,-1,0,no
5,225,1,1,0,7,8,122,6,-1,0,no
5,2538,0,1,0,31,7,307,6,-1,0,no
5,43,1,1,0,11,3,117,1,91,1,no
9,57,1,1,0,5,5,253,1,342,1,no
4,-117,0,1,0,17,7,770,2,-1,0,no
9,666,0,0,0,3,4,190,1,133,1,no
4,0,0,1,0,16,7,767,5,-1,0,yes
9,25,0,1,0,1,6,232,2,-1,0,yes
2,1034,0,1,0,19,11,854,2,170,3,no
9,0,1,1,1,16,11,986,1,94,8,no
4,0,1,1,0,19,11,66,1,-1,0,no
4,621,1,0,0,2,2,114,1,208,1,no
5,138,1,1,0,17,7,205,1,-1,0,no
9,4063,1,0,1,28,7,31,4,-1,0,no
9,310,0,1,0,6,2,200,1,253,1,no
10,1281,1,1,0,31,7,45,3,-1,0,no
9,64,0,1,0,12,5,239,4,278,2,no
4,2,0,1,1,11,5,168,3,-1,0,no
1,60,1,0,0,26,8,196,2,-1,0,no
9,251,1,0,0,29,8,156,2,-1,0,no
6,4153,0,1,0,31,7,35,16,-1,0,no
9,985,0,1,0,19,2,88,2,-1,0,no
7,168,1,1,0,1,6,347,3,140,2,yes
7,1550,0,1,0,16,4,126,2,149,8,no
4,7708,0,1,0,21,11,157,5,-1,0,no
4,6483,1,1,1,19,10,123,1,-1,0,no
8,1161,1,0,0,16,6,119,1,-1,0,no
4,1430,1,1,0,18,11,231,2,-1,0,no
5,35,1,0,0,8,7,123,4,-1,0,no
6,6000,0,1,0,18,11,265,1,-1,0,no
9,0,0,1,0,15,7,144,1,-1,0,no
2,0,1,1,0,5,5,74,1,168,4,no
7,3,0,1,0,10,7,183,1,-1,0,no
9,445,0,1,0,24,7,631,1,-1,0,no
4,874,1,1,0,12,8,1282,6,-1,0,yes
9,123,1,1,0,19,8,264,1,-1,0,no
3,39,1,1,0,31,7,149,2,-1,0,no
9,102,1,1,0,28,1,321,2,-1,0,no
8,1790,1,1,0,17,4,224,1,322,3,no
4,15311,1,1,0,29,4,157,6,-1,0,no
0,-635,1,1,0,25,7,250,1,-1,0,no
1,115,1,1,0,11,8,209,4,-1,0,no
1,498,0,1,0,8,5,55,2,298,4,no
1,1045,0,0,0,9,7,290,13,-1,0,no
9,-162,0,1,0,18,5,380,1,-1,0,no
4,55,1,1,0,2,2,124,3,-1,0,no
9,455,1,1,0,29,1,240,1,182,8,no
4,1010,0,1,0,15,5,385,3,364,9,no
4,509,0,1,0,6,5,133,1,-1,0,no
9,3071,0,0,0,7,5,63,3,-1,0,no
4,153,0,1,0,18,11,192,2,-1,0,no
1,1092,1,0,0,18,11,79,1,172,8,no
4,3463,1,0,0,28,10,96,1,-1,0,yes
0,1158,0,1,0,20,4,25,2,-1,0,no
0,26,0,1,0,7,5,227,2,-1,0,no
7,566,1,1,0,5,2,110,1,-1,0,no
9,204,1,1,0,7,8,134,2,-1,0,no
9,480,1,1,0,20,10,213,1,-1,0,yes
9,1855,0,1,0,4,2,75,1,273,1,no
7,1034,1,1,0,8,8,109,2,-1,0,no
4,3250,1,1,0,20,8,162,3,-1,0,no
4,1633,1,1,0,5,6,275,1,-1,0,yes
7,0,0,1,0,22,6,154,1,124,1,no
5,3334,1,1,0,14,8,632,4,-1,0,yes
4,4020,0,0,0,15,4,251,1,-1,0,no
4,66,1,0,1,8,7,141,1,-1,0,no
9,-41,0,0,0,3,4,154,1,-1,0,no
1,322,0,1,0,7,5,63,1,-1,0,no
2,2643,1,0,0,8,7,259,1,-1,0,no
0,3098,0,1,1,21,11,192,9,-1,0,no
9,65,1,1,0,25,8,41,2,-1,0,no
0,739,0,1,0,20,11,91,3,-1,0,no
4,1167,0,0,0,1,6,264,1,-1,0,yes
0,231,0,1,0,21,11,397,2,-1,0,no
2,233,1,1,0,5,2,446,1,-1,0,no
0,817,1,1,0,9,4,304,1,-1,0,no
4,1831,0,1,0,20,4,86,2,-1,0,no
9,450,0,1,0,13,5,63,1,-1,0,no
7,0,0,1,0,5,5,335,2,281,8,no
4,414,1,1,0,29,1,293,2,162,4,no
0,343,0,1,0,14,7,276,3,-1,0,no
4,1944,0,1,0,15,4,238,3,323,2,no
1,-32,0,0,0,31,7,14,6,-1,0,no
4,350,1,1,0,8,7,367,1,-1,0,no
10,2,0,1,0,16,7,132,1,-1,0,no
9,3,1,1,1,18,5,40,8,349,6,no
1,352,0,1,0,11,5,79,3,-1,0,no
4,865,0,1,0,3,6,101,1,-1,0,no
8,-230,0,1,0,18,5,259,2,-1,0,no
4,0,1,1,0,13,8,60,2,-1,0,no
1,3924,0,1,0,20,4,122,2,-1,0,no
9,764,0,1,0,14,7,557,5,-1,0,no
1,511,0,1,1,11,5,42,1,-1,0,no
4,4348,0,1,0,28,8,373,8,-1,0,no
4,3016,0,1,0,14,7,80,3,-1,0,no
8,279,1,1,0,7,5,239,3,-1,0,no
4,111,1,1,1,24,3,58,2,-1,0,no
4,2881,1,1,0,5,8,510,2,2,5,no
1,445,0,1,0,16,4,218,1,330,2,no
4,643,0,1,0,17,4,74,2,256,1,no
3,254,1,1,0,8,10,676,1,-1,0,no
4,-1212,0,1,0,15,5,1259,2,333,18,no
9,2125,0,0,0,21,11,285,3,116,4,no
1,-202,0,0,0,30,7,225,4,-1,0,no
9,271,0,1,0,13,5,80,2,268,2,no
4,703,0,1,0,14,4,342,1,-1,0,yes
1,-216,0,1,0,28,7,404,3,-1,0,no
7,88,1,0,0,7,7,332,1,-1,0,no
0,16,0,1,0,30,1,158,1,-1,0,no
4,466,0,1,0,14,5,164,1,-1,0,no
9,-75,0,1,0,4,2,57,1,247,1,no
1,456,1,1,0,12,5,121,1,-1,0,no
9,77,0,1,0,7,5,56,1,-1,0,no
1,1209,1,1,0,29,1,283,1,-1,0,no
7,58,0,1,0,7,5,113,1,337,2,no
4,421,1,1,0,20,11,22,5,-1,0,no
4,112,0,1,0,2,2,159,2,271,1,no
6,13669,1,1,0,15,10,138,1,136,8,no
4,1429,0,1,0,19,11,1015,1,198,2,yes
9,794,1,1,1,2,2,182,1,-1,0,no
2,1957,1,1,0,4,2,112,3,-1,0,no
9,454,0,1,0,10,7,114,1,-1,0,no
1,882,1,0,0,29,7,80,8,-1,0,no
10,168,0,1,1,30,1,66,1,241,1,no
4,714,0,1,0,26,8,135,22,-1,0,no
4,0,1,1,0,7,9,99,1,-1,0,no
5,163,1,1,0,24,7,464,1,-1,0,no
10,1772,1,1,0,29,7,206,4,-1,0,no
7,-151,1,1,0,8,7,283,2,-1,0,no
7,7066,0,1,0,15,5,667,3,357,3,yes
9,454,1,1,0,4,2,73,3,-1,0,no
9,439,1,1,0,20,8,143,2,-1,0,no
4,671,0,0,0,29,1,219,2,259,5,no
7,65,0,1,0,15,5,15,3,-1,0,no
9,-932,0,1,0,16,4,567,1,-1,0,no
9,4366,0,1,0,29,7,188,2,-1,0,no
5,0,0,1,0,11,7,159,2,-1,0,no
1,4900,0,1,1,31,7,121,2,-1,0,no
3,976,1,1,0,28,6,345,1,94,3,yes
1,5,1,1,0,18,8,71,3,-1,0,no
4,-148,1,1,0,18,11,144,2,-1,0,no
9,113,1,0,0,22,7,38,1,-1,0,no
4,-105,0,1,0,28,8,60,2,-1,0,no
4,624,1,1,0,17,9,336,2,183,2,yes
1,-461,1,1,0,11,5,254,2,353,1,no
9,144,0,0,0,14,10,104,1,85,19,no
2,4,0,0,0,20,4,74,5,-1,0,no
1,309,1,1,0,19,8,156,2,-1,0,no
4,866,1,1,0,29,1,146,2,-1,0,no
1,636,0,1,0,9,7,211,11,-1,0,no
9,141,0,1,0,19,8,299,2,-1,0,no
9,150,0,0,0,11,5,102,6,349,1,no
3,26965,1,1,0,21,4,654,2,-1,0,yes
9,716,0,1,0,14,5,234,2,-1,0,no
9,2485,1,1,1,24,7,48,6,-1,0,no
4,15030,0,1,0,13,5,167,1,174,7,no
0,11303,1,1,0,26,5,500,2,-1,0,no
2,595,1,1,0,7,8,22,2,-1,0,no
4,19358,1,1,0,19,11,258,2,-1,0,no
6,203,1,0,0,19,11,177,1,-1,0,no
0,255,1,1,0,30,4,457,1,80,1,yes
9,102,0,1,1,17,4,460,2,345,2,no
3,94,0,1,0,22,7,184,4,-1,0,no
2,58,0,1,1,13,5,119,3,371,3,no
4,606,1,1,0,5,3,77,6,-1,0,no
9,0,1,0,0,23,7,107,1,-1,0,no
4,9269,0,0,0,19,11,107,2,-1,0,no
1,1206,1,0,1,16,7,201,5,-1,0,no
4,882,1,0,0,29,1,94,1,205,2,no
8,5291,1,1,0,12,11,192,2,92,2,yes
4,61,0,1,0,29,1,185,2,246,1,no
9,0,0,1,0,17,11,77,1,-1,0,no
1,1407,0,1,0,6,5,142,3,-1,0,no
9,25,1,1,0,2,2,381,1,-1,0,no
1,1354,0,0,0,17,11,222,2,-1,0,no
1,793,0,1,0,17,4,106,1,-1,0,no
9,5235,1,1,0,7,8,67,3,-1,0,no
9,3,0,1,0,6,5,45,2,169,2,no
9,409,1,0,0,14,7,643,2,-1,0,no
0,35,0,1,0,15,10,76,1,69,2,no
4,-459,1,1,0,21,8,508,6,-1,0,no
7,198,1,1,0,5,7,128,2,-1,0,yes
1,99,0,1,0,17,4,193,2,322,1,no
7,3485,1,1,0,2,2,142,2,-1,0,no
4,-29,1,1,0,29,1,41,2,266,2,no
9,9,1,1,0,21,8,91,2,-1,0,no
4,4040,0,1,0,20,4,132,2,-1,0,no
6,1259,1,1,0,25,7,184,2,-1,0,no
0,18,0,1,0,18,7,225,1,-1,0,no
9,221,1,1,0,20,8,79,3,-1,0,no
4,136,0,1,0,22,4,156,1,-1,0,no
1,16353,1,1,0,27,10,223,2,-1,0,no
3,7353,1,1,0,13,8,536,2,-1,0,no
0,3913,0,1,0,20,4,196,2,315,2,no
1,-119,0,1,0,22,7,167,3,-1,0,no
0,2993,0,1,0,22,7,24,12,-1,0,no
4,3575,1,0,0,18,8,74,3,-1,0,no
1,2904,1,1,0,20,4,277,2,-1,0,no
2,1790,1,0,0,6,2,748,3,-1,0,no
4,8312,1,1,0,29,8,43,13,-1,0,no
4,0,0,1,0,7,8,262,1,99,2,yes
4,222,0,1,0,6,5,317,1,169,2,no
1,1451,1,1,0,1,6,314,1,-1,0,yes
9,1066,1,1,0,11,2,109,3,-1,0,yes
4,3163,1,1,0,25,8,56,6,-1,0,no
4,106,1,1,0,20,8,175,3,-1,0,no
9,0,1,1,0,12,8,56,2,-1,0,no
4,979,1,0,0,8,7,123,1,-1,0,no
0,2662,1,1,1,28,1,148,2,-1,0,no
4,84,1,1,0,5,2,231,1,-1,0,no
4,816,0,1,0,27,8,37,3,-1,0,no
10,3276,1,1,0,5,8,106,1,110,2,no
9,3315,0,1,0,9,4,820,2,-1,0,no
9,196,0,0,0,24,2,116,1,273,3,no
1,552,0,1,0,12,5,463,1,-1,0,no
0,2347,1,0,0,12,8,603,3,-1,0,no
4,255,1,1,0,19,11,126,1,-1,0,no
4,3143,1,1,0,29,6,421,2,-1,0,yes
1,6411,0,0,0,30,1,144,1,266,2,no
4,1909,1,1,0,8,8,191,2,-1,0,no
1,3873,1,1,1,21,4,222,1,-1,0,no
6,1013,0,1,0,11,8,206,1,461,1,yes
0,262,0,1,0,9,7,74,1,-1,0,no
9,5436,0,1,0,6,5,7,11,351,1,no
1,2067,0,1,0,15,5,493,7,-1,0,no
1,215,1,1,0,3,3,350,3,-1,0,yes
6,134,1,1,0,28,8,86,4,-1,0,no
2,262,1,1,0,20,11,371,1,-1,0,no
1,3412,0,1,0,15,5,22,4,-1,0,no
9,79,1,1,0,21,7,191,1,-1,0,no
6,2013,1,1,0,19,2,222,4,94,2,yes
1,543,1,0,1,17,7,264,3,-1,0,no
1,604,1,0,0,28,5,95,3,-1,0,no
4,525,1,1,0,13,8,127,2,-1,0,no
5,353,1,1,0,31,7,395,4,-1,0,no
4,964,0,1,0,8,4,174,1,-1,0,no
0,3913,0,1,0,27,4,124,1,-1,0,yes
0,314,0,1,0,17,4,279,1,-1,0,no
3,0,1,1,0,27,8,76,11,-1,0,no
1,1370,0,1,0,11,5,472,2,-1,0,no
4,37,1,1,0,18,8,84,11,-1,0,no
4,673,0,0,0,20,11,271,1,184,1,no
8,291,1,1,1,11,5,172,5,371,5,no
9,209,0,0,0,8,4,375,2,-1,0,no
9,438,0,1,0,12,8,130,2,-1,0,no
1,204,0,0,0,17,4,229,3,-1,0,no
4,10758,0,1,0,1,6,288,1,-1,0,no
4,5,0,1,0,18,11,219,3,-1,0,no
8,8494,1,1,0,25,8,158,2,-1,0,no
4,8,1,1,0,25,8,169,4,-1,0,no
0,470,0,1,0,31,7,101,4,-1,0,no
1,-454,0,1,0,14,5,558,1,-1,0,yes
5,665,0,1,0,22,4,371,2,-1,0,yes
9,994,0,1,0,11,8,149,1,78,5,yes
5,1044,1,1,1,3,7,353,2,-1,0,yes
3,231,1,1,0,9,7,76,2,-1,0,no
9,266,0,1,0,19,8,168,2,-1,0,no
4,-70,0,1,0,30,1,140,1,2,3,no
9,534,0,1,0,18,5,382,1,-1,0,no
0,1852,0,1,0,15,5,298,2,-1,0,no
4,9720,1,1,0,5,8,81,2,-1,0,no
1,1613,0,1,0,3,4,296,1,270,3,yes
0,2903,0,0,1,25,7,259,2,-1,0,no
0,81,0,1,0,6,8,121,6,112,3,no
1,780,0,1,0,15,5,432,3,-1,0,no
10,178,1,1,0,8,8,126,2,-1,0,no
4,299,1,1,0,16,7,120,4,-1,0,no
5,285,0,1,0,29,1,136,1,-1,0,no
1,872,0,1,0,17,4,1130,3,-1,0,no
7,1337,1,1,0,17,dec,330,2,127,3,yes
7,72,0,1,0,23,7,305,2,-1,0,no
0,11,0,1,0,11,5,157,1,-1,0,no
1,-535,0,1,0,30,7,71,2,-1,0,no
7,787,0,1,0,8,5,297,2,-1,0,no
4,3343,1,1,0,18,11,307,1,-1,0,no
2,3904,1,1,1,4,8,250,2,187,2,yes
4,736,0,1,0,30,4,119,1,-1,0,no
4,1390,1,1,0,7,8,116,2,-1,0,no
5,808,1,1,1,7,7,274,1,-1,0,no
4,1147,1,1,0,5,8,389,1,64,2,yes
7,1122,1,1,0,4,8,143,1,-1,0,no
10,0,0,1,0,18,11,756,1,-1,0,no
9,740,1,1,0,7,8,259,3,-1,0,no
4,8262,0,1,0,23,7,201,16,-1,0,no
1,1049,0,1,0,14,5,224,4,-1,0,yes
1,0,0,1,0,13,5,57,5,349,1,no
4,726,0,1,0,16,4,39,1,342,3,no
0,1988,1,1,0,27,3,164,2,130,2,yes
9,0,1,1,0,7,8,268,2,-1,0,no
0,202,1,0,0,17,11,148,1,-1,0,no
0,112,1,1,0,18,8,139,5,-1,0,no
3,50,1,1,0,18,8,89,3,-1,0,no
3,768,1,1,0,15,7,250,2,182,1,no
1,661,0,1,0,18,7,968,1,-1,0,yes
6,3025,1,0,0,6,8,168,3,-1,0,no
6,751,1,1,0,24,7,408,14,-1,0,no
4,416,1,1,0,23,10,56,4,-1,0,no
7,14,1,0,0,28,7,55,5,-1,0,no
1,0,1,1,0,11,8,72,5,-1,0,no
9,599,0,1,0,13,8,99,3,-1,0,no
4,-218,0,1,0,27,8,13,15,-1,0,no
9,1012,1,1,0,14,4,178,1,-1,0,no
9,217,0,1,0,14,5,141,1,346,2,no
4,2096,1,1,0,21,11,127,1,100,2,no
9,0,1,1,0,4,8,69,2,-1,0,no
4,1831,1,1,0,17,2,122,1,92,1,no
4,1480,0,1,0,18,5,143,1,-1,0,no
4,7289,0,1,0,2,2,316,3,-1,0,no
1,851,0,1,0,15,5,151,1,352,1,no
4,2885,1,1,0,19,11,40,1,-1,0,no
1,1239,0,1,0,18,7,90,1,-1,0,no
4,146,1,1,0,21,11,50,1,113,5,no
9,1,1,1,0,15,4,159,2,378,3,yes
1,-10,1,0,0,10,7,369,6,-1,0,no
9,480,1,1,0,22,10,344,2,182,8,yes
9,2789,0,1,0,4,9,256,2,94,1,no
9,3897,1,1,0,26,10,298,1,-1,0,no
9,487,1,0,0,11,8,268,3,-1,0,no
0,5110,0,1,0,13,4,231,1,-1,0,no
9,-411,0,1,0,12,5,78,5,292,3,no
4,4937,0,1,1,13,5,421,3,-1,0,no
2,725,1,0,0,10,7,105,1,-1,0,no
9,4089,1,1,0,26,5,114,7,287,3,no
9,188,1,1,0,26,8,286,2,-1,0,no
5,610,1,1,0,13,8,766,3,-1,0,no
9,167,1,1,0,4,8,211,3,-1,0,no
4,243,0,1,0,7,5,160,2,360,3,no
4,877,1,1,0,3,2,166,3,-1,0,no
0,2817,0,1,0,21,11,195,1,-1,0,no
4,4567,0,0,0,16,7,106,1,-1,0,no
7,127,0,0,0,23,7,85,3,-1,0,no
1,176,1,1,0,24,7,78,1,-1,0,no
7,1482,0,1,0,18,11,177,2,174,1,no
9,56,1,1,0,29,8,24,12,-1,0,no
4,366,1,1,0,3,6,593,1,-1,0,yes
3,501,0,0,0,7,8,59,2,-1,0,no
4,998,0,1,0,29,1,121,3,-1,0,no
6,0,0,1,1,28,7,97,2,-1,0,no
4,246,1,1,0,11,8,86,2,-1,0,no
1,-182,0,0,0,14,5,10,10,-1,0,no
4,446,1,1,0,23,6,205,3,-1,0,no
9,5957,0,1,0,18,11,138,2,-1,0,no
0,205,1,1,0,3,11,289,1,-1,0,yes
0,0,1,1,0,4,8,86,4,-1,0,no
4,369,0,1,1,22,8,9,3,-1,0,no
0,1934,1,0,0,14,5,225,1,364,1,no
9,259,1,1,0,22,7,407,4,-1,0,no
4,1373,1,1,0,22,10,119,4,-1,0,no
4,62,0,1,0,18,5,175,1,293,5,no
10,991,1,1,0,5,2,563,1,-1,0,no
10,977,0,1,0,4,5,52,4,91,1,no
6,2893,1,1,0,2,6,76,3,-1,0,no
1,1897,0,0,0,19,11,441,1,-1,0,no
9,5514,1,1,0,22,4,319,1,182,1,yes
0,1193,1,1,0,12,5,396,2,-1,0,no
0,0,1,1,0,20,4,637,1,-1,0,no
9,2729,0,1,0,6,4,945,1,139,1,no
4,-470,0,1,0,8,5,506,2,170,3,no
6,4579,1,1,0,12,1,409,2,-1,0,yes
1,1,0,1,0,14,7,116,3,-1,0,no
4,5106,1,1,0,30,4,244,1,-1,0,yes
9,636,0,1,0,4,5,352,4,-1,0,yes
7,1076,1,1,0,12,5,152,1,182,6,yes
9,430,1,1,0,27,8,154,4,-1,0,no
9,383,1,1,0,27,10,327,2,183,3,no
9,130,0,1,0,7,5,265,3,-1,0,no
9,201,1,1,0,22,7,257,2,-1,0,no
1,6,0,1,0,28,1,241,3,-1,0,no
2,475,1,0,0,21,7,936,4,-1,0,no
1,706,0,1,0,7,4,329,1,322,1,no
4,1825,0,1,0,14,5,24,1,346,1,no
6,185,1,1,0,22,6,177,5,138,1,no
1,4415,1,1,1,13,10,120,1,-1,0,no
4,679,1,1,1,22,4,135,3,-1,0,no
9,320,1,1,0,9,7,175,1,-1,0,no
4,2988,0,1,0,25,5,179,1,-1,0,no
9,1270,1,1,0,17,4,342,2,-1,0,no
7,654,0,1,0,13,5,139,2,-1,0,no
2,3463,0,0,0,28,8,210,3,-1,0,no
4,6016,1,1,0,2,2,670,3,-1,0,yes
4,3694,1,0,0,8,7,70,2,-1,0,no
5,1640,1,0,0,4,2,72,6,274,4,no
0,174,0,1,0,15,5,241,1,364,1,no
0,10177,1,1,0,5,5,272,4,-1,0,no
4,490,1,1,0,28,8,207,8,98,1,yes
6,2576,0,1,0,15,5,64,6,-1,0,no
9,598,1,1,0,30,4,166,1,-1,0,no
4,15459,1,1,0,26,5,245,3,97,7,no
1,320,1,1,1,30,7,203,2,-1,0,no
0,640,1,1,0,24,7,318,1,-1,0,no
6,1772,0,1,0,13,4,158,4,-1,0,no
0,15,1,0,0,21,7,177,1,-1,0,no
1,160,0,1,0,7,5,136,1,359,1,no
0,5,0,0,0,18,5,82,3,363,2,no
0,4902,0,1,0,20,11,110,1,-1,0,no
5,1341,1,1,0,18,dec,415,7,-1,0,yes
7,490,0,1,0,2,2,73,1,-1,0,no
7,-632,0,0,0,20,4,18,5,-1,0,no
0,116,1,0,0,16,7,255,2,-1,0,no
0,189,0,1,0,11,5,95,1,-1,0,no
1,2,0,0,0,10,7,112,1,-1,0,no
1,4229,0,0,0,5,5,205,2,-1,0,no
7,54,0,1,0,18,5,97,1,370,1,no
1,298,0,1,0,13,5,135,2,370,2,no
5,579,1,1,0,14,8,230,1,-1,0,no
2,1467,0,0,0,17,11,349,1,-1,0,no
0,0,0,1,0,8,5,38,1,-1,0,no
4,109,0,1,0,22,7,268,1,-1,0,no
4,-11,0,1,0,11,5,94,4,-1,0,no
7,90,0,1,0,28,7,263,2,-1,0,no
1,493,1,1,0,18,8,671,4,-1,0,yes
0,2403,0,1,0,28,1,180,2,-1,0,no
2,868,1,1,0,20,11,452,2,-1,0,no
10,0,1,1,0,15,7,175,4,-1,0,no
9,0,0,0,0,19,11,163,2,-1,0,no
1,741,0,1,0,16,4,227,1,-1,0,no
7,1050,0,1,0,3,2,586,3,-1,0,no
7,-56,1,0,0,10,7,119,5,-1,0,no
1,1,0,0,1,22,7,80,2,-1,0,no
1,-98,0,0,0,12,5,112,2,330,3,no
10,541,0,1,0,3,2,237,3,-1,0,no
10,7744,1,1,0,26,8,377,8,-1,0,no
10,-129,0,1,0,29,7,121,3,-1,0,no
0,0,1,1,0,15,7,127,5,-1,0,no
9,0,1,1,0,25,8,124,4,-1,0,no
1,-97,0,0,0,31,7,747,4,-1,0,no
1,-217,0,1,0,11,5,313,1,349,3,no
4,5037,1,1,0,23,4,252,9,185,5,yes
0,2232,1,1,0,13,2,121,1,-1,0,yes
4,913,0,1,0,23,6,883,1,674,4,no
2,0,0,1,0,11,7,271,2,-1,0,no
0,639,1,0,0,14,7,243,3,-1,0,no
7,386,0,1,0,2,8,155,2,-1,0,no
4,1218,0,1,1,28,1,70,2,-1,0,no
4,2603,0,1,0,11,2,280,4,-1,0,yes
1,79,0,1,0,14,5,406,2,-1,0,no
9,61,0,0,0,25,8,113,3,-1,0,no
9,1091,1,1,1,30,7,47,2,-1,0,no
4,172,1,1,0,3,7,67,2,-1,0,no
4,41,1,1,0,21,8,686,5,-1,0,yes
8,1116,0,1,0,2,3,170,3,-1,0,no
5,5845,1,1,0,14,5,1060,2,-1,0,yes
7,5673,1,0,0,4,8,357,3,-1,0,no
9,0,1,1,1,26,8,176,15,-1,0,no
4,625,0,1,0,7,4,424,1,138,1,no
7,867,0,1,0,3,2,177,2,211,3,no
5,8304,1,1,1,9,6,712,1,64,12,yes
4,3134,0,1,0,17,7,124,1,-1,0,no
6,49,0,1,0,30,1,208,2,-1,0,no
9,-346,1,1,0,13,8,136,4,-1,0,no
4,1623,0,1,0,19,11,1081,2,-1,0,yes
4,60,1,1,1,7,5,376,2,339,7,no
7,17,1,1,0,4,6,78,1,-1,0,no
1,2008,0,1,0,18,11,354,1,-1,0,no
1,91,0,1,0,6,5,29,1,356,2,no
2,171,0,1,0,19,11,209,1,191,4,no
4,1027,0,1,0,14,5,433,1,-1,0,no
1,142,0,1,1,11,5,41,2,300,5,no
0,852,1,1,0,14,4,108,2,-1,0,no
1,-584,0,1,0,7,5,411,2,-1,0,no
6,97,1,1,0,10,7,108,2,-1,0,no
0,204,0,1,0,3,6,224,2,-1,0,yes
1,856,0,0,0,30,7,95,5,-1,0,no
4,1509,1,1,0,15,3,144,2,124,1,no
7,-888,1,1,0,16,7,135,1,-1,0,no
9,226,1,1,0,15,1,176,2,-1,0,no
9,127,1,0,0,7,8,524,5,-1,0,no
0,710,0,0,0,6,5,653,1,334,2,yes
4,171,1,1,0,10,3,93,1,-1,0,yes
4,69,0,1,0,6,5,503,2,280,2,no
0,1499,0,1,0,13,4,186,1,327,2,no
4,61,1,0,0,19,8,452,2,-1,0,no
5,425,1,1,1,22,6,883,1,140,1,yes
4,99,1,1,0,29,1,24,3,-1,0,no
8,1021,1,1,1,19,6,79,9,-1,0,no
9,1146,1,1,0,4,7,178,2,-1,0,no
1,781,0,1,0,15,5,74,2,-1,0,no
0,1448,1,1,0,10,3,217,1,184,7,no
4,604,1,0,0,2,2,475,1,-1,0,no
0,-194,0,1,0,7,5,127,1,-1,0,no
9,0,1,1,0,11,3,101,1,-1,0,no
3,0,0,1,0,14,7,340,3,-1,0,no
9,1014,0,1,0,23,7,158,4,-1,0,no
0,73,1,1,0,29,1,242,1,-1,0,no
4,1906,0,1,0,14,7,68,3,-1,0,no
1,-319,0,0,0,9,7,134,4,-1,0,no
4,-296,0,1,0,14,5,113,3,-1,0,no
9,169,0,1,0,18,8,43,4,-1,0,no
9,126,1,1,0,3,3,229,1,-1,0,no
1,379,1,1,0,13,8,58,5,-1,0,no
6,706,1,1,0,30,4,78,2,176,1,no
4,1466,0,1,0,25,7,40,1,-1,0,no
1,0,0,1,0,18,11,618,2,-1,0,no
1,951,0,1,0,20,4,23,4,-1,0,no
0,368,1,1,0,20,8,293,1,90,4,yes
1,121,0,1,0,13,5,16,6,176,5,no
7,204,1,1,0,23,7,286,2,-1,0,no
0,299,0,1,0,6,5,209,1,321,1,no
7,254,0,1,0,15,4,397,2,337,1,no
4,553,0,1,0,17,9,113,4,479,1,no
7,518,0,1,1,17,11,76,1,-1,0,no
4,85,1,0,0,1,6,141,1,-1,0,no
7,361,1,1,1,5,6,329,1,95,1,no
5,4424,1,1,0,5,8,67,4,-1,0,no
9,3234,1,1,0,18,11,578,2,-1,0,yes
9,341,1,0,0,29,1,136,1,262,3,no
9,316,1,1,0,21,8,126,3,-1,0,no
9,2,1,1,1,28,1,653,3,-1,0,no
4,507,0,1,0,9,4,528,1,-1,0,no
1,912,0,1,0,13,5,785,1,-1,0,no
4,0,1,1,0,9,7,243,5,-1,0,no
1,37,0,1,0,13,5,24,2,362,1,no
1,0,0,1,0,16,4,1174,1,345,4,yes
1,1520,0,1,0,5,2,115,1,-1,0,no
5,852,1,1,0,15,3,341,1,-1,0,no
7,2253,0,1,0,13,5,937,3,-1,0,yes
4,1171,0,1,0,10,7,129,1,-1,0,no
9,452,0,1,0,11,5,59,1,-1,0,no
0,-97,0,1,0,29,1,79,1,225,2,no
5,4738,1,1,1,9,7,151,5,-1,0,no
8,0,1,1,0,6,8,101,5,3,6,no
4,495,1,1,0,5,8,157,3,97,2,yes
2,157,1,0,0,15,5,57,11,366,1,no
7,292,0,1,0,11,5,222,3,-1,0,no
0,846,0,1,0,17,4,758,2,-1,0,no
5,1574,1,1,1,29,7,301,3,-1,0,yes
2,-28,0,1,0,16,7,574,1,-1,0,no
5,0,1,1,0,16,10,847,1,60,1,yes
5,2927,1,0,1,30,7,78,5,-1,0,no
5,1388,1,1,0,20,7,146,3,190,3,no
9,102,0,1,0,14,8,272,2,-1,0,no
9,13,0,1,0,8,5,323,2,368,2,no
6,413,0,1,0,11,7,712,2,-1,0,no
0,638,0,1,0,20,8,75,9,-1,0,no
4,1224,0,0,0,24,7,1441,2,-1,0,yes
6,1103,1,1,0,12,8,428,2,-1,0,no
7,3748,1,1,0,28,5,322,3,-1,0,no
9,955,0,1,0,29,1,104,1,-1,0,no
0,518,0,1,0,8,5,127,1,-1,0,no
9,14,1,1,0,28,1,114,2,-1,0,no
4,3696,1,1,0,19,11,305,1,182,3,no
4,2987,0,1,0,12,8,307,1,-1,0,yes
9,433,1,1,0,11,8,1504,2,-1,0,no
9,0,0,1,0,1,6,71,1,-1,0,no
1,1766,1,0,0,5,6,166,2,-1,0,yes
7,124,0,1,0,31,7,81,5,-1,0,no
0,69,1,0,0,4,5,77,2,-1,0,no
7,0,1,1,0,12,3,80,2,-1,0,yes
4,0,0,1,0,13,5,537,5,303,2,no
9,259,1,1,0,15,6,415,1,89,1,yes
1,4103,1,1,0,19,11,291,1,-1,0,no
9,744,0,1,0,14,5,283,1,288,12,no
7,116,0,1,1,20,4,70,4,-1,0,no
0,432,1,1,0,9,2,132,3,-1,0,no
1,9,0,1,0,11,5,262,3,-1,0,no
9,7546,0,1,0,28,dec,137,1,122,3,no
1,620,1,1,0,30,3,95,1,-1,0,no
6,8647,1,1,0,19,11,140,2,-1,0,no
1,0,0,1,0,7,5,502,1,7,2,no
9,113,1,1,0,12,2,328,2,183,4,yes
2,82,0,1,0,18,11,63,2,-1,0,no
4,1008,1,1,0,29,8,24,13,-1,0,no
0,443,1,1,0,30,7,84,3,-1,0,no
9,351,0,1,0,9,7,175,1,-1,0,no
9,5060,0,1,0,21,8,12,21,-1,0,no
9,-41,1,0,0,25,8,40,15,-1,0,no
7,-124,1,1,0,18,7,217,1,-1,0,no
1,79,0,0,0,23,7,235,11,-1,0,no
10,3945,1,1,0,28,1,255,1,-1,0,no
5,197,1,0,0,8,7,256,1,-1,0,no
1,837,1,1,1,30,7,41,2,-1,0,no
7,1743,0,1,0,5,2,192,4,-1,0,no
0,635,1,1,0,25,8,220,3,-1,0,no
5,-113,0,0,0,12,8,614,2,-1,0,no
0,225,1,1,0,28,8,1126,4,-1,0,yes
0,124,1,1,1,16,6,161,2,-1,0,no
2,475,1,1,0,25,7,141,3,-1,0,no
4,-7,1,0,1,25,7,697,1,-1,0,no
0,936,1,1,0,30,1,931,1,-1,0,yes
9,1415,0,1,0,17,11,483,1,116,1,no
10,0,1,1,0,17,11,63,2,-1,0,no
0,3638,1,1,0,11,7,271,5,-1,0,no
1,-99,0,1,0,15,5,144,5,-1,0,no
9,167,0,0,0,8,8,79,3,-1,0,no
3,19,0,1,1,21,7,171,1,-1,0,no
6,242,0,1,0,18,7,73,4,-1,0,no
9,286,1,1,0,20,4,60,1,343,4,no
4,93,1,1,0,4,5,198,2,88,1,no
1,1663,0,1,0,13,4,217,3,327,1,no
2,238,0,0,0,19,11,134,1,-1,0,no
9,2178,0,1,0,26,5,41,1,-1,0,no
1,792,0,0,0,19,11,611,2,175,12,no
0,1025,1,1,0,6,8,388,8,-1,0,no
1,16,1,1,0,7,7,387,1,-1,0,no
4,417,1,1,0,7,10,90,1,-1,0,no
7,3992,0,1,1,20,11,281,2,-1,0,no
1,2749,0,1,0,17,11,332,1,-1,0,no
9,133,1,1,0,4,5,218,1,-1,0,yes
4,2171,0,0,1,18,11,1034,1,-1,0,yes
7,4760,0,1,0,8,5,182,2,169,2,no
9,2979,1,1,0,25,5,156,1,-1,0,no
4,690,0,1,0,6,8,171,3,-1,0,no
1,203,0,1,1,19,11,265,1,127,4,no
1,322,0,1,0,20,4,10,3,-1,0,no
0,1210,1,1,0,16,7,350,1,-1,0,no
6,634,0,1,0,17,11,65,1,131,1,no
2,273,1,1,0,23,7,58,1,-1,0,no
4,1100,1,0,0,29,1,127,2,-1,0,no
0,0,0,1,1,19,11,154,2,-1,0,no
1,0,1,1,1,31,7,36,4,-1,0,no
2,1544,1,0,0,5,2,85,7,196,3,no
6,28,0,1,0,11,5,49,1,-1,0,no
1,1012,0,1,0,6,5,410,1,-1,0,no
1,245,0,0,0,8,5,253,3,-1,0,no
4,1998,1,1,0,19,11,570,1,-1,0,no
1,3990,0,1,0,24,7,633,7,-1,0,no
2,412,0,0,0,8,7,164,1,-1,0,no
8,1562,1,1,0,15,2,659,4,-1,0,yes
0,3432,0,1,0,17,4,139,2,-1,0,no
4,1339,0,1,0,22,8,343,5,-1,0,no
2,204,1,1,0,14,7,455,13,-1,0,no
10,728,0,0,0,18,11,107,1,-1,0,no
4,2934,0,1,0,18,11,727,4,-1,0,no
4,176,1,1,0,18,8,61,4,-1,0,no
1,49,0,1,0,15,5,232,2,365,5,no
1,2023,0,1,0,10,7,214,1,-1,0,no
1,372,0,1,1,11,5,21,1,-1,0,no
1,464,0,1,0,18,5,173,1,299,2,no
4,117,0,1,0,16,4,635,1,-1,0,no
0,104,0,0,0,14,7,77,2,-1,0,no
4,539,1,1,0,18,1,540,2,115,3,no
9,406,0,1,0,17,7,119,1,-1,0,no
1,2558,0,1,1,20,11,107,1,167,1,no
1,5639,0,1,0,17,7,430,2,-1,0,no
4,100,1,1,0,7,8,64,2,-1,0,no
4,815,0,1,0,7,5,77,1,-1,0,no
5,2815,1,1,0,26,4,125,2,182,1,no
7,1572,0,1,0,9,7,185,1,-1,0,no
10,385,0,1,0,4,2,80,1,-1,0,no
9,29,1,1,0,19,8,156,2,-1,0,no
9,84,1,0,0,29,7,403,3,-1,0,no
6,876,0,1,0,17,11,145,2,-1,0,no
7,1499,0,1,0,12,5,17,7,-1,0,no
8,0,0,1,0,9,7,160,1,-1,0,no
4,6217,0,0,0,18,11,486,2,181,2,no
1,329,0,1,0,3,2,321,1,-1,0,no
4,151,0,1,0,8,7,97,3,-1,0,yes
7,-2,0,0,0,16,4,144,2,-1,0,no
4,1149,1,0,0,15,7,82,2,-1,0,no
4,8004,1,1,0,19,11,414,3,-1,0,no
1,1019,0,1,0,16,4,285,5,-1,0,no
4,1297,1,1,0,11,8,716,3,-1,0,yes
4,417,0,1,0,18,11,138,1,-1,0,no
5,71,1,1,0,10,7,121,3,-1,0,no
4,1188,1,1,0,27,5,140,2,-1,0,no
1,8139,0,1,0,18,8,256,6,-1,0,no
1,249,0,1,0,31,7,61,4,-1,0,no
1,689,0,1,0,14,7,367,2,-1,0,no
6,203,0,1,1,14,5,9,5,174,12,no
1,-183,1,0,0,15,7,395,4,-1,0,no
1,3451,1,0,0,21,11,125,2,-1,0,no
7,1746,0,1,0,7,4,15,1,316,1,no
9,821,0,0,0,17,11,224,2,180,1,no
1,8,1,1,0,30,7,88,3,-1,0,no
9,55,0,1,0,6,8,185,4,-1,0,no
1,699,1,1,0,28,1,98,1,154,6,no
10,759,1,1,0,28,1,97,1,169,3,no
1,687,0,1,0,14,5,72,2,370,1,no
5,4968,1,1,0,6,5,109,1,87,2,no
2,376,0,0,0,5,5,273,1,-1,0,no
1,23,1,1,0,26,2,590,2,-1,0,no
0,353,0,1,0,19,11,107,2,-1,0,no
4,0,1,1,0,13,8,305,2,-1,0,no
2,353,1,1,0,19,11,90,2,-1,0,no
9,2273,0,1,0,17,4,222,1,-1,0,no
4,0,0,1,0,9,7,127,1,-1,0,no
10,744,1,1,1,28,1,38,1,-1,0,no
7,608,1,1,0,14,5,380,3,-1,0,no
0,356,0,1,0,7,4,244,3,313,1,no
1,1291,0,1,0,28,8,189,17,-1,0,no
1,306,1,1,0,28,7,388,3,181,1,yes
9,493,1,1,0,13,8,289,2,-1,0,no
4,71,0,1,0,21,7,221,8,-1,0,no
0,669,0,0,0,31,7,129,2,-1,0,no
1,556,0,1,0,4,2,147,2,264,4,no
0,-11,0,1,0,5,5,247,1,-1,0,no
4,4761,0,1,0,5,5,159,2,350,2,no
4,1048,0,1,0,23,6,971,2,-1,0,no
0,1281,1,1,1,24,7,119,2,-1,0,no
9,569,1,0,0,29,1,348,1,-1,0,no
0,168,0,1,0,7,5,249,2,169,1,no
6,263,1,1,0,4,5,119,2,-1,0,no
1,-405,0,1,0,8,5,177,1,-1,0,no
9,0,1,1,0,18,8,594,4,-1,0,yes
10,415,1,1,0,12,8,123,1,-1,0,no
0,0,0,0,0,6,5,172,4,-1,0,no
1,1322,0,0,0,8,7,178,1,-1,0,no
7,1062,0,0,0,6,4,230,1,-1,0,no
3,-278,0,1,0,28,7,143,2,-1,0,no
9,2442,1,1,0,16,2,91,3,-1,0,yes
10,1798,0,1,0,5,2,19,8,-1,0,no
0,132,1,1,0,19,8,574,1,84,3,yes
4,260,0,1,0,7,5,49,1,-1,0,no
1,7,0,0,0,2,2,171,2,193,2,no
4,3283,1,1,0,2,2,258,1,73,1,yes
4,2960,0,1,0,20,11,83,1,-1,0,no
10,486,1,1,1,30,4,95,1,-1,0,no
10,507,0,1,0,2,2,134,1,266,7,no
4,5958,0,1,0,22,3,215,1,-1,0,yes
8,304,1,1,0,26,5,226,2,-1,0,yes
1,118,0,1,0,17,7,1275,1,-1,0,yes
4,76,0,1,0,7,7,196,3,-1,0,no
0,70,0,1,0,27,3,229,2,-1,0,yes
9,2185,1,1,0,20,11,354,2,-1,0,no
1,309,0,1,0,11,5,471,3,-1,0,no
1,2190,1,0,0,30,1,90,2,232,1,no
0,62,1,0,0,30,4,67,1,-1,0,no
4,4415,0,1,0,8,4,1032,3,141,7,yes
5,262,1,1,0,18,8,393,4,-1,0,no
4,238,0,1,0,19,11,808,1,-1,0,no
9,410,1,1,0,11,8,63,6,-1,0,no
8,1191,1,1,0,12,2,274,1,-1,0,no
5,-47,0,1,0,27,8,84,4,-1,0,no
9,197,1,1,0,20,8,78,3,-1,0,yes
0,2398,0,1,0,2,8,317,1,180,2,yes
4,630,0,1,0,5,5,138,1,-1,0,no
5,235,1,1,0,27,8,88,4,-1,0,no
4,3172,0,1,0,5,2,139,1,-1,0,no
1,872,1,1,0,8,8,82,2,-1,0,no
1,407,0,1,0,20,4,12,6,-1,0,no
0,100,0,1,0,11,8,221,1,461,1,yes
4,2058,1,0,0,21,11,661,1,-1,0,no
3,889,1,1,1,7,7,388,1,-1,0,yes
0,0,0,1,0,28,7,151,7,-1,0,no
4,51,1,1,0,25,8,140,8,-1,0,no
5,150,1,1,0,8,7,124,1,-1,0,no
6,34,1,0,0,7,7,200,1,-1,0,no
7,795,1,1,0,6,2,101,3,-1,0,no
1,282,1,0,0,7,7,261,12,-1,0,no
4,2139,1,1,0,17,11,176,2,-1,0,no
0,197,0,1,0,13,4,223,1,182,2,yes
9,825,0,1,0,20,4,38,1,335,1,no
3,3232,1,1,1,6,10,541,1,204,3,no
7,871,1,1,0,22,8,602,9,-1,0,no
7,83,1,1,0,27,8,26,11,-1,0,no
4,1445,1,1,0,26,4,328,2,143,2,yes
4,-55,0,1,0,26,8,107,4,-1,0,no
1,-336,1,1,0,10,7,128,6,-1,0,no
9,0,0,1,0,9,11,524,1,96,5,yes
6,44,1,1,0,7,9,310,2,96,2,no
1,2887,1,1,0,21,8,819,10,-1,0,yes
0,1992,1,1,0,8,7,202,1,87,2,no
9,1415,0,1,0,24,7,311,1,-1,0,no
4,297,0,1,0,15,5,415,4,375,1,yes
4,347,0,1,0,22,7,282,1,-1,0,no
4,781,1,1,0,9,4,125,6,-1,0,no
4,17555,1,1,0,26,8,14,14,-1,0,no
4,15520,1,1,0,18,11,420,1,-1,0,no
9,13711,0,1,0,14,5,638,1,175,3,no
4,286,1,1,0,22,8,557,7,-1,0,no
1,300,1,1,0,6,2,166,2,-1,0,no
7,1175,0,1,0,15,5,102,1,333,2,no
9,1477,0,1,0,8,7,355,1,-1,0,no
7,8,0,1,0,14,5,143,1,-1,0,no
0,399,0,0,0,14,8,133,2,-1,0,no
4,15,1,1,0,25,8,184,7,-1,0,no
9,125,1,1,0,22,8,78,2,-1,0,no
9,45,1,1,0,22,7,125,4,-1,0,no
7,1987,0,1,1,20,11,55,2,-1,0,no
4,857,0,1,0,22,8,238,6,-1,0,no
5,15834,1,1,0,5,4,172,3,186,1,no
4,6290,1,1,0,20,11,303,2,-1,0,no
0,808,1,1,0,14,7,417,3,-1,0,no
1,373,0,1,0,14,5,10,9,344,1,no
0,-101,0,1,0,10,7,99,1,-1,0,no
4,1375,0,1,0,17,11,308,3,-1,0,no
4,180,1,1,0,16,6,298,3,-1,0,no
9,175,1,1,0,12,8,92,4,-1,0,no
7,381,1,0,0,25,8,288,12,-1,0,no
1,2171,0,1,0,16,4,130,1,323,1,no
9,340,0,1,0,28,1,255,2,-1,0,no
9,10,0,0,0,18,11,167,5,-1,0,no
0,4958,0,1,0,17,11,64,3,150,5,no
4,156,1,1,0,13,8,657,7,-1,0,yes
0,781,1,1,0,20,8,75,1,-1,0,no
2,0,1,1,1,23,7,40,1,-1,0,no
9,1819,1,1,0,5,6,398,2,-1,0,no
4,4374,0,1,0,21,11,163,2,113,3,no
2,456,0,0,0,28,8,137,8,-1,0,no
7,774,0,1,0,3,2,231,2,259,1,no
7,-81,1,0,0,23,7,186,1,-1,0,no
1,0,0,1,0,6,5,226,1,363,3,no
4,0,0,1,0,21,11,67,1,-1,0,no
4,-3,1,1,0,28,8,205,2,-1,0,no
1,2488,0,1,0,20,4,14,1,-1,0,no
9,3,1,1,0,6,5,488,1,-1,0,yes
1,103,1,1,0,23,7,312,1,-1,0,no
9,316,0,1,0,21,7,163,3,-1,0,no
5,7179,1,1,0,5,2,150,1,-1,0,no
7,247,0,1,0,17,4,244,2,-1,0,no
4,8295,1,1,0,5,6,207,1,-1,0,yes
7,261,0,0,0,18,5,113,1,-1,0,no
6,95,0,1,0,23,7,1309,4,-1,0,yes
9,291,1,1,0,25,8,72,6,-1,0,no
1,2240,0,1,0,19,11,551,1,183,1,no
4,1295,0,1,0,21,7,179,10,-1,0,no
1,324,0,1,0,13,5,217,2,-1,0,no
4,2646,1,1,0,14,4,142,1,-1,0,yes
9,618,1,1,0,5,2,1056,1,-1,0,no
4,541,0,1,0,14,5,72,1,363,2,no
1,0,0,1,0,8,5,80,2,-1,0,no
7,290,0,1,0,18,5,128,1,-1,0,no
1,1230,0,1,0,30,4,412,1,169,1,yes
0,45,0,0,0,14,5,908,3,344,7,no
0,923,0,1,0,17,4,819,4,-1,0,no
4,950,1,1,0,5,8,210,2,-1,0,no
5,1503,1,1,1,18,3,165,3,101,1,no
9,65,1,1,0,28,8,118,8,-1,0,no
4,-679,0,0,0,6,5,159,1,343,2,no
4,773,1,0,0,9,7,618,1,-1,0,no
7,991,0,1,0,6,5,89,1,344,1,no
0,247,1,1,0,8,10,401,2,-1,0,yes
1,4143,1,1,0,15,7,200,3,-1,0,no
1,180,1,1,0,14,7,203,1,183,2,no
1,-887,0,1,0,18,5,827,2,-1,0,yes
4,-495,1,0,0,29,7,303,2,-1,0,no
9,440,0,1,0,6,5,445,2,345,2,no
1,135,0,1,0,18,5,232,2,-1,0,no
9,-735,0,1,0,30,1,144,5,248,2,no
9,60,1,1,0,19,8,209,2,-1,0,no
9,902,0,1,0,10,2,691,2,180,5,yes
1,-72,0,1,0,7,7,273,5,-1,0,no
4,1205,1,1,1,8,9,376,2,-1,0,yes
9,499,0,1,0,31,7,37,10,-1,0,no
4,656,0,0,0,20,4,148,2,-1,0,no
7,100,1,1,0,16,7,57,2,-1,0,no
7,192,1,1,0,30,1,327,4,-1,0,no
4,0,1,1,0,29,8,669,6,-1,0,no
4,87,1,1,0,29,1,165,1,-1,0,no
4,3228,1,1,0,19,8,58,2,-1,0,no
4,1361,1,1,0,29,1,1473,1,-1,0,yes
9,318,1,0,0,25,7,239,5,-1,0,no
5,197,1,1,0,7,10,1386,1,-1,0,no
8,0,1,1,0,28,9,294,2,105,7,yes
4,273,0,1,0,18,3,910,2,184,4,yes
4,7813,0,1,0,21,11,75,1,-1,0,no
9,75,1,1,0,21,7,204,4,-1,0,no
5,1139,0,1,0,14,5,155,1,177,7,no
1,0,1,1,1,16,4,1366,1,150,1,no
3,7195,1,1,0,21,11,609,2,-1,0,yes
7,-477,1,0,0,21,8,1532,2,-1,0,yes
4,1026,1,1,0,12,11,226,1,92,1,yes
2,3921,0,1,0,5,5,168,1,-1,0,no
10,980,0,1,0,3,dec,352,1,-1,0,yes
1,-179,0,1,0,30,7,335,6,-1,0,no
0,2552,0,0,0,25,9,74,1,-1,0,no
2,1729,0,1,0,12,5,85,1,-1,0,no
0,-300,0,0,0,25,7,184,1,-1,0,no
5,4785,1,1,0,13,8,72,3,-1,0,no
7,0,0,1,1,22,7,44,8,-1,0,no
9,391,1,1,0,13,8,336,2,-1,0,no
5,4657,1,1,0,16,2,93,5,-1,0,yes
8,3472,1,1,0,20,10,332,1,183,3,yes
10,705,1,1,0,4,2,398,1,-1,0,no
1,4365,1,0,0,9,2,45,2,-1,0,no
1,474,0,0,1,9,2,152,3,221,1,no
9,489,0,1,0,30,7,356,4,-1,0,yes
4,695,1,1,0,28,1,233,1,-1,0,no
9,315,0,1,0,30,6,103,1,-1,0,no
8,213,1,1,0,27,3,378,1,-1,0,yes
4,2169,1,1,0,7,7,282,1,-1,0,no
1,333,0,1,0,14,5,24,6,-1,0,no
1,4404,0,1,0,20,11,766,3,-1,0,no
7,257,0,1,0,12,5,955,2,-1,0,yes
10,3188,0,1,0,3,2,426,3,-1,0,no
5,226,1,1,1,6,11,136,1,-1,0,no
7,1260,1,1,0,18,11,172,1,-1,0,no
2,1410,0,1,0,19,11,93,1,189,8,no
0,6046,0,0,1,15,3,300,6,182,2,yes
0,980,1,1,0,11,11,118,4,104,7,no
5,680,1,1,1,24,2,513,2,89,7,no
4,-1164,0,0,0,18,7,76,4,-1,0,no
10,343,1,1,0,1,6,377,1,-1,0,yes
4,852,0,1,0,20,11,408,1,-1,0,no
1,50,0,1,0,7,5,246,2,-1,0,no
4,0,1,1,0,26,8,58,7,-1,0,no
1,10,0,1,0,17,7,196,1,-1,0,no
1,950,0,0,0,20,4,219,4,-1,0,no
4,0,0,1,0,9,7,197,1,-1,0,no
4,175,0,1,0,7,8,257,2,-1,0,no
9,-259,0,1,0,29,1,381,1,247,2,no
9,7138,1,1,0,8,8,809,2,-1,0,yes
0,1111,0,1,0,17,4,50,1,-1,0,no
1,113,1,1,0,22,7,39,17,-1,0,no
4,-612,1,1,0,26,8,131,2,-1,0,no
6,833,1,1,0,31,7,77,3,-1,0,no
9,105,0,1,0,7,5,146,2,171,3,no
7,1063,0,0,0,16,4,327,1,-1,0,no
0,985,1,0,0,18,8,150,2,-1,0,no
1,2926,0,0,0,19,11,482,3,120,2,no
2,66,1,1,0,18,11,1164,2,-1,0,yes
0,0,0,1,0,17,7,674,3,-1,0,no
4,4758,0,1,0,22,7,712,6,-1,0,yes
0,-23,1,1,0,20,11,48,2,-1,0,no
4,1573,0,0,0,17,11,279,1,-1,0,no
7,1378,0,1,0,18,7,91,2,-1,0,no
1,-73,0,0,0,18,5,15,8,-1,0,no
1,60,0,1,0,6,5,161,1,337,1,no
0,1583,0,1,0,19,11,100,1,182,1,no
0,-121,0,0,0,8,7,214,4,-1,0,no
1,1065,0,0,0,17,4,406,1,317,1,no
10,-13,0,1,0,13,5,361,1,364,1,no
4,1494,1,1,0,13,8,275,12,-1,0,no
4,46,1,1,0,29,8,70,4,-1,0,no
1,609,0,1,0,14,4,1126,1,335,1,no
5,4079,1,1,0,19,10,343,3,-1,0,yes
4,0,0,1,0,23,2,228,2,182,6,yes
9,7876,0,1,0,11,8,209,2,-1,0,no
9,925,0,1,0,13,4,709,1,-1,0,yes
4,7010,1,1,0,11,3,275,2,-1,0,no
1,42,0,1,0,12,5,51,2,342,3,no
4,3170,1,1,0,28,10,246,2,-1,0,no
0,8,1,0,0,7,7,46,1,-1,0,no
6,216,0,1,0,8,5,144,3,-1,0,no
4,2975,1,1,0,8,8,249,2,-1,0,no
4,0,0,1,0,31,7,52,8,-1,0,no
4,4,0,1,0,16,7,285,5,-1,0,no
4,1727,1,1,1,25,5,500,4,358,2,yes
1,664,1,0,0,15,7,955,5,-1,0,yes
9,473,0,1,0,7,7,216,5,-1,0,no
9,0,1,1,0,28,8,84,7,-1,0,no
4,-192,0,1,0,6,5,138,3,-1,0,no
4,1942,0,0,0,21,11,436,2,178,3,yes
1,5137,0,1,0,6,5,123,1,-1,0,no
4,13044,1,1,0,18,8,36,4,-1,0,no
5,154,1,1,0,15,10,103,1,-1,0,no
10,255,1,0,0,10,7,374,3,-1,0,no
4,318,1,0,1,9,7,246,3,-1,0,no
4,3859,1,0,0,20,11,104,3,-1,0,no
9,4198,1,1,0,14,1,309,1,91,10,yes
1,230,0,1,0,6,5,198,2,170,2,no
0,263,1,0,0,18,7,143,7,-1,0,no
9,568,0,1,0,2,9,378,2,386,1,yes
9,1469,0,1,0,17,11,364,1,-1,0,no
9,18,1,0,0,25,7,363,6,-1,0,no
4,201,0,1,0,24,7,248,1,-1,0,no
1,694,0,1,0,21,11,44,1,-1,0,no
10,0,1,1,0,6,2,39,2,-1,0,no
4,2959,0,1,1,18,5,325,1,-1,0,no
3,22,0,1,0,18,11,238,3,126,4,no
9,1167,0,1,0,30,4,968,1,87,5,yes
4,35,0,1,0,17,4,156,1,273,3,no
5,8304,1,1,1,6,4,681,1,118,11,no
7,4760,0,1,0,20,11,187,2,-1,0,no
4,-1313,0,0,0,15,5,104,10,-1,0,no
1,697,1,1,0,6,2,860,2,-1,0,yes
9,230,1,0,0,13,8,112,2,-1,0,no
5,473,1,1,0,7,7,112,1,78,1,no
4,201,0,1,0,17,3,325,2,-1,0,yes
6,1086,1,1,0,20,11,410,1,-1,0,no
4,4335,0,1,0,20,11,640,1,-1,0,no
1,216,1,1,0,2,2,173,1,-1,0,no
1,-77,0,1,0,28,7,151,3,-1,0,no
8,1566,1,1,0,30,1,164,5,-1,0,no
4,592,1,1,1,29,1,145,2,164,1,no
4,104,0,1,0,6,5,606,3,-1,0,yes
7,-22,1,0,0,9,7,85,1,-1,0,no
7,0,1,1,0,18,7,439,3,-1,0,no
9,100,1,1,0,13,8,205,4,-1,0,no
1,319,0,1,0,16,7,221,1,-1,0,no
4,9339,0,1,1,18,11,52,3,172,3,no
5,32,0,1,0,15,5,476,3,-1,0,no
4,6922,1,1,0,20,11,371,1,-1,0,no
4,633,0,1,0,17,4,128,3,-1,0,no
2,2262,1,1,1,14,7,44,14,-1,0,no
6,1513,1,1,0,7,5,330,1,342,1,no
2,668,1,1,0,12,5,908,1,-1,0,no
4,649,1,1,0,16,4,177,1,-1,0,no
0,-145,0,1,1,15,5,289,8,-1,0,no
1,-498,0,1,0,21,7,357,1,-1,0,no
4,0,1,1,0,28,8,38,16,-1,0,no
0,22,0,1,0,7,8,414,4,-1,0,no
0,2304,0,1,0,20,11,257,2,-1,0,no
3,145,1,1,0,20,8,252,2,-1,0,no
3,1832,1,1,0,6,2,213,4,-1,0,no
1,3726,1,0,0,27,8,119,12,-1,0,no
10,591,1,1,0,21,11,161,2,-1,0,no
5,0,1,1,0,13,11,227,2,-1,0,yes
8,508,0,1,1,18,5,12,3,374,1,no
10,817,1,1,0,14,1,517,1,282,4,yes
9,348,0,1,0,7,5,225,2,275,2,no
9,3554,1,0,0,8,7,89,1,-1,0,no
9,267,1,1,0,26,5,128,1,-1,0,no
1,1327,0,1,0,20,11,277,1,-1,0,no
1,864,0,1,1,14,5,113,2,-1,0,no
3,1265,0,1,0,15,5,326,5,179,4,yes
9,214,1,1,0,29,8,161,3,-1,0,no
5,425,0,0,0,17,11,100,1,-1,0,no
3,3,1,1,0,4,8,142,2,-1,0,no
1,0,1,1,0,18,11,167,2,-1,0,no
9,282,1,0,0,9,7,676,5,-1,0,no
2,0,1,1,0,9,7,236,1,-1,0,no
1,0,0,0,0,28,7,83,12,-1,0,no
7,864,0,1,0,6,5,100,1,-1,0,no
4,4089,0,1,0,2,2,289,2,174,4,yes
1,-478,1,0,0,8,7,528,2,-1,0,no
6,8883,1,1,0,21,11,33,3,-1,0,no
9,1970,1,1,1,17,4,284,3,-1,0,no
4,1859,1,1,1,6,8,245,3,-1,0,yes
9,1059,0,1,0,17,4,115,1,-1,0,no
1,602,0,1,0,11,5,347,1,284,2,no
7,0,1,1,0,17,7,58,1,-1,0,no
1,255,0,1,0,17,7,180,1,-1,0,no
7,57,0,1,1,21,7,342,9,-1,0,no
5,523,1,0,0,2,2,49,6,-1,0,no
4,422,1,1,0,12,8,110,1,-1,0,no
7,386,1,1,0,12,11,253,1,92,4,yes
4,3387,1,1,0,14,8,636,2,-1,0,no
9,260,1,1,0,19,8,137,2,-1,0,no
0,-1,1,1,0,7,7,173,1,-1,0,no
9,1490,0,1,0,18,7,227,2,-1,0,no
9,826,0,1,1,18,11,195,3,112,8,no
1,907,1,1,0,18,8,230,8,-1,0,no
7,1836,0,1,0,12,5,750,2,-1,0,yes
2,404,1,1,0,30,1,413,3,-1,0,no
9,18,0,0,0,5,5,138,1,-1,0,no
7,819,0,1,1,14,7,102,14,-1,0,no
1,-46,0,1,0,1,9,199,1,92,14,yes
9,371,1,1,0,7,8,124,2,-1,0,no
9,-3,1,1,0,25,8,91,9,-1,0,no
4,11,0,1,0,4,5,104,3,-1,0,no
1,33,0,1,0,18,5,125,1,368,4,no
2,104,0,1,0,18,7,635,3,-1,0,yes
1,174,1,0,0,15,7,90,1,-1,0,no
4,3107,0,0,0,25,7,310,1,-1,0,no
7,1438,0,1,0,6,5,207,1,351,2,no
1,-11,1,1,1,16,7,126,4,-1,0,no
0,1693,0,1,0,25,1,137,1,97,1,no
9,837,1,1,0,28,8,68,6,-1,0,no
4,363,1,1,0,18,11,67,1,-1,0,no
0,236,0,0,0,18,5,8,2,-1,0,no
4,-50,1,0,0,7,7,175,1,-1,0,no
4,26306,0,1,0,11,2,27,1,84,3,no
9,575,1,0,0,4,2,254,2,-1,0,no
0,148,1,0,0,8,7,199,1,-1,0,no
7,431,1,1,0,26,8,73,17,-1,0,no
9,3552,1,1,0,21,11,267,1,-1,0,no
0,3823,1,1,0,26,4,234,10,-1,0,no
4,138,1,1,0,20,8,94,4,-1,0,no
1,1325,0,1,0,15,5,242,1,-1,0,no
5,0,1,1,0,18,7,247,4,-1,0,no
4,1598,1,1,0,22,8,607,4,-1,0,no
4,3301,0,1,0,17,6,485,2,227,4,yes
8,822,1,1,0,27,10,184,1,91,2,yes
1,0,0,1,0,31,7,5,25,-1,0,no
9,2776,0,1,0,27,1,701,1,-1,0,yes
1,139,0,0,0,18,5,732,2,291,5,yes
4,573,1,1,0,10,8,122,1,-1,0,no
4,2154,0,1,0,21,7,87,4,-1,0,no
6,96,1,1,0,5,2,577,1,-1,0,no
2,83,0,1,0,11,7,193,2,-1,0,no
4,6766,1,1,0,28,8,210,5,-1,0,no
9,3973,1,1,0,6,8,732,2,-1,0,no
1,-552,1,0,0,21,11,150,2,-1,0,no
6,48,1,1,0,21,11,140,1,-1,0,no
9,7696,0,1,0,20,11,386,2,-1,0,no
7,4500,0,1,0,11,5,733,2,-1,0,yes
9,1,0,1,0,19,11,108,1,-1,0,no
4,46,1,0,0,17,11,80,1,152,1,no
7,451,0,0,0,13,5,389,4,-1,0,no
6,479,0,1,0,9,2,133,3,-1,0,no
1,0,0,1,0,21,11,328,6,-1,0,no
9,1130,0,1,0,23,7,119,2,-1,0,no
0,10,1,0,0,18,11,162,1,173,3,no
3,145,0,0,0,16,7,128,2,-1,0,no
9,115,0,1,0,6,5,108,1,-1,0,no
0,89,0,0,0,6,2,172,2,-1,0,no
10,780,1,1,0,8,11,148,1,871,2,no
4,207,0,1,0,4,2,99,1,-1,0,no
4,238,1,1,0,3,2,185,1,92,1,yes
1,2433,1,1,0,6,8,133,2,-1,0,no
3,1924,1,1,0,6,2,170,1,-1,0,no
4,1531,0,1,0,8,5,81,3,170,1,no
4,764,1,1,0,12,6,230,2,-1,0,no
5,3782,1,1,0,16,3,618,1,-1,0,no
4,326,0,1,0,5,5,788,1,-1,0,yes
7,691,1,1,0,6,2,285,6,-1,0,no
9,0,1,1,0,21,8,163,2,-1,0,no
4,99,1,1,0,8,7,159,1,-1,0,no
5,502,0,1,0,12,5,197,2,370,3,no
4,-15,1,1,0,25,7,212,2,-1,0,no
0,0,1,1,0,23,9,180,2,238,3,no
4,171,0,1,0,7,5,191,1,294,1,no
0,0,0,1,0,13,5,1073,1,-1,0,yes
4,-206,0,1,0,6,5,337,2,-1,0,no
1,704,0,0,1,31,7,88,10,-1,0,no
9,1931,1,1,0,2,6,167,1,298,10,no
9,943,1,1,0,29,8,96,4,-1,0,no
9,327,0,1,0,13,4,537,3,-1,0,no
5,983,1,1,0,5,8,139,1,-1,0,no
2,0,0,1,0,29,7,100,3,-1,0,no
7,5780,0,1,0,1,4,525,2,-1,0,no
9,790,1,1,0,20,8,696,3,-1,0,no
9,1412,1,1,0,6,8,131,3,-1,0,no
2,228,0,1,0,5,2,105,1,-1,0,no
9,2087,1,1,0,29,8,29,14,-1,0,no
2,2,0,0,0,5,5,184,1,167,6,no
9,197,1,0,0,3,2,47,2,222,3,no
1,1905,0,1,0,16,7,709,2,-1,0,yes
9,118,1,1,0,6,8,358,2,-1,0,no
9,13,1,1,0,22,8,94,2,-1,0,no
7,14,1,0,0,22,7,445,2,-1,0,no
9,769,0,1,0,15,5,153,1,371,2,no
4,139,1,1,0,17,8,80,1,-1,0,no
9,6,0,1,0,27,1,100,1,435,1,no
4,2098,1,1,0,20,11,67,1,-1,0,no
4,320,1,1,0,7,8,76,2,-1,0,no
3,370,0,1,0,19,8,109,3,-1,0,no
1,-182,1,1,0,9,7,98,1,-1,0,no
2,13342,0,1,0,18,11,465,1,-1,0,no
5,6570,1,1,0,21,7,106,3,-1,0,no
0,225,0,1,0,20,4,304,1,340,1,no
4,-665,1,1,0,30,7,342,3,-1,0,no
1,46,1,1,0,8,7,338,3,-1,0,no
6,2,1,1,0,22,8,197,5,-1,0,no
0,883,0,1,0,12,5,95,1,327,9,no
1,913,0,1,0,7,7,113,4,-1,0,no
1,595,0,1,0,7,5,245,3,-1,0,no
9,7,0,1,0,22,7,188,2,-1,0,no
9,1661,1,1,0,19,8,199,5,-1,0,no
4,102,0,1,0,5,4,470,7,426,3,yes
0,490,0,1,0,7,5,31,1,363,2,no
4,2682,0,1,0,9,7,156,1,-1,0,no
10,596,1,1,0,30,1,510,2,-1,0,no
1,2059,0,1,0,25,8,177,4,-1,0,no
0,132,1,1,0,13,10,123,2,-1,0,no
4,0,1,1,0,2,2,270,1,-1,0,no
4,223,1,1,0,28,1,63,1,-1,0,no
7,512,0,0,0,30,1,206,5,239,3,no
4,940,1,1,0,8,8,131,2,-1,0,no
9,0,0,1,0,29,8,116,4,-1,0,no
4,1007,0,1,0,21,7,240,2,-1,0,no
4,0,1,1,0,22,8,132,4,-1,0,no
7,1286,0,0,0,17,7,544,1,-1,0,no
8,4,1,1,0,4,2,443,2,-1,0,no
1,0,0,1,0,10,7,324,1,-1,0,no
7,417,0,1,0,6,2,15,10,207,3,no
1,1678,1,1,0,28,1,263,2,-1,0,no
4,407,0,1,0,29,7,145,2,-1,0,no
4,659,1,0,0,2,6,56,1,-1,0,no
1,393,0,1,0,5,5,11,9,-1,0,no
0,661,0,1,0,18,11,411,1,173,2,no
7,0,1,1,0,29,7,165,23,-1,0,no
7,195,0,1,0,17,4,203,1,-1,0,no
9,-242,0,1,0,13,8,1149,6,-1,0,yes
7,3403,0,1,0,12,11,707,2,97,2,yes
1,8,0,1,0,15,5,196,1,-1,0,no
10,622,1,1,0,28,1,1451,2,-1,0,yes
9,2,1,1,0,11,8,239,4,-1,0,no
1,1439,0,1,1,28,7,73,6,-1,0,no
1,1491,0,1,0,6,5,203,2,334,2,no
9,6402,0,1,0,6,5,158,1,167,1,no
10,1210,1,1,0,9,7,100,4,-1,0,no
4,122,1,0,0,8,7,160,1,-1,0,no
8,0,0,1,0,19,11,661,1,-1,0,no
4,62,0,1,0,14,5,166,1,-1,0,no
7,3333,0,0,0,29,7,114,2,-1,0,no
1,23,0,1,1,31,7,25,8,-1,0,no
0,0,0,1,0,7,5,121,2,-1,0,no
4,0,1,0,0,10,7,88,1,-1,0,no
2,2105,0,1,0,18,11,134,1,-1,0,no
7,35,0,1,0,14,5,152,1,-1,0,no
4,877,1,1,0,13,8,202,1,83,5,no
2,-2082,1,0,0,28,7,123,6,-1,0,no
5,89,1,1,0,30,4,156,2,-1,0,no
4,1750,0,1,1,14,5,90,3,-1,0,no
4,772,0,1,1,20,11,291,1,-1,0,no
9,1048,0,1,1,6,2,23,2,-1,0,no
2,592,1,1,0,21,7,122,2,-1,0,no
9,0,0,0,0,26,7,105,2,172,1,no
7,3064,0,1,1,11,5,1143,4,-1,0,no
1,0,0,1,0,8,5,264,2,-1,0,no
0,1649,1,1,0,27,5,204,2,-1,0,no
3,287,0,1,0,19,11,182,1,-1,0,no
9,0,0,1,0,17,11,386,2,-1,0,no
7,257,0,1,0,12,5,86,2,-1,0,no
9,118,1,1,0,28,8,16,20,-1,0,no
4,251,1,1,0,20,8,413,2,-1,0,no
4,0,1,1,0,13,10,78,3,-1,0,no
9,23,1,1,0,25,8,121,3,-1,0,no
1,-386,1,0,0,20,11,477,1,-1,0,yes
6,5498,1,1,0,19,11,265,1,-1,0,no
4,5063,1,1,0,27,10,418,2,-1,0,yes
1,7041,0,1,0,28,7,386,4,-1,0,no
4,1890,1,1,0,8,7,161,1,-1,0,no
10,2400,0,0,0,5,2,450,3,-1,0,no
1,519,0,1,0,25,8,217,6,-1,0,no
9,1190,1,1,0,8,8,136,1,-1,0,no
8,203,1,1,0,16,11,104,1,196,1,no
9,1818,1,0,0,17,11,189,2,111,4,no
10,1289,1,1,0,15,7,250,4,415,2,yes
9,39,1,1,0,19,8,123,5,-1,0,no
5,796,1,1,0,23,10,427,1,182,2,yes
0,57,1,0,0,8,7,632,2,-1,0,no
4,1548,0,1,0,13,4,101,3,-1,0,no
9,117,1,1,0,24,8,467,2,88,4,yes
0,0,0,1,0,16,4,640,2,-1,0,no
4,691,0,0,0,16,4,517,1,255,1,no
9,0,0,1,0,12,6,177,3,-1,0,no
9,218,0,1,0,12,4,169,1,-1,0,no
4,724,0,1,0,14,7,287,2,415,1,yes
3,20,0,0,0,17,7,505,3,-1,0,no
1,-28,0,1,0,18,5,284,2,371,1,no
1,665,1,1,0,30,1,89,4,235,2,no
8,5,1,1,0,29,9,138,1,-1,0,no
4,925,1,1,0,14,dec,321,3,189,4,yes
0,3927,1,1,0,13,10,61,1,-1,0,no
4,401,0,1,0,24,7,217,9,-1,0,no
4,581,0,0,0,14,7,192,2,-1,0,no
9,1327,1,1,0,29,10,174,2,-1,0,no
10,32,1,1,0,4,8,282,2,-1,0,no
0,310,0,0,1,14,8,128,6,-1,0,no
3,0,1,1,1,2,2,161,1,-1,0,no
1,155,0,1,0,29,1,291,1,244,4,no
7,11386,0,1,0,20,11,356,1,-1,0,no
6,5564,1,1,0,17,11,560,2,-1,0,no
7,-402,0,1,0,17,4,135,1,-1,0,no
5,1623,0,0,0,18,7,246,1,-1,0,no
9,1042,0,1,0,4,2,419,2,-1,0,no
8,2488,1,1,0,8,11,449,2,38,10,yes
0,865,0,1,0,17,11,71,1,-1,0,no
9,-1053,0,1,0,21,7,357,3,-1,0,no
4,1667,0,1,0,18,11,164,2,179,3,no
0,769,1,1,0,28,7,72,2,363,4,no
9,-136,0,0,0,12,8,131,2,-1,0,no
0,3636,1,0,0,21,11,808,2,-1,0,yes
4,931,1,1,0,17,7,1183,1,-1,0,no
3,565,1,1,0,4,9,123,3,-1,0,no
6,1153,1,1,0,4,5,238,3,-1,0,no
4,-73,0,1,0,11,7,90,1,-1,0,no
5,-966,1,0,0,14,5,104,1,-1,0,no
0,96,1,1,0,29,8,109,2,-1,0,no
5,4007,1,1,0,30,11,598,4,-1,0,no
9,40,1,1,0,7,8,123,2,-1,0,no
0,136,1,0,0,23,7,70,1,-1,0,no
4,593,0,1,0,29,1,190,3,-1,0,no
1,2542,0,1,0,14,5,228,1,-1,0,no
4,5355,1,1,1,17,2,466,4,-1,0,yes
8,807,1,1,0,27,2,74,2,-1,0,no
0,0,1,1,0,30,1,119,3,-1,0,no
4,540,1,1,0,19,11,124,2,-1,0,no
1,280,0,0,0,31,7,65,50,-1,0,no
4,-59,1,0,0,28,7,127,6,-1,0,no
0,-517,0,1,0,14,7,172,3,-1,0,no
10,2613,0,1,0,30,7,174,6,-1,0,no
5,2301,1,1,0,16,4,124,1,-1,0,no
0,212,0,1,0,18,7,191,3,-1,0,no
4,1882,0,1,0,11,8,249,5,-1,0,no
9,175,1,1,0,25,8,167,4,-1,0,no
9,0,1,1,0,29,8,73,4,-1,0,no
10,3533,0,1,0,12,8,235,2,-1,0,no
1,3573,1,1,0,15,5,44,1,-1,0,no
1,1257,0,1,0,20,4,93,3,329,7,no
4,0,0,1,0,16,4,81,2,-1,0,no
4,0,1,1,0,19,8,53,4,-1,0,no
10,1266,0,1,1,3,2,45,1,-1,0,no
4,2416,1,1,0,11,8,74,2,-1,0,no
3,25,1,1,0,21,8,169,5,-1,0,no
8,7513,1,1,0,11,8,269,2,-1,0,no
2,29,1,1,0,29,1,52,2,227,1,no
1,5116,0,1,0,22,7,246,3,-1,0,no
9,14,1,1,0,13,11,167,1,92,1,yes
4,4148,0,1,0,21,11,316,3,99,9,yes
0,105,0,1,0,21,11,75,1,-1,0,no
4,767,1,0,0,2,2,204,1,-1,0,no
0,0,1,0,0,10,7,542,1,-1,0,no
4,725,0,1,0,8,7,266,1,-1,0,no
4,184,1,1,0,22,7,203,4,-1,0,no
4,-17,1,1,0,21,11,11,4,-1,0,no
4,1064,0,1,0,13,5,562,1,-1,0,yes
1,777,0,1,0,6,5,185,3,-1,0,no
10,377,1,1,0,22,5,158,1,59,2,no
0,479,0,1,0,12,5,515,1,350,5,yes
9,-375,0,1,0,13,5,60,5,-1,0,no
5,796,1,1,0,24,4,173,2,-1,0,no
1,1071,0,1,0,11,5,143,3,357,1,no
0,0,0,1,0,20,4,18,5,-1,0,no
0,7378,1,1,0,18,11,466,1,-1,0,no
0,865,0,1,0,17,4,85,1,151,1,no
9,-701,0,0,0,24,7,148,1,-1,0,no
5,2917,1,1,0,6,10,215,1,-1,0,yes
1,4287,1,1,0,30,4,171,1,-1,0,no
0,242,0,1,0,30,7,62,12,-1,0,no
7,469,1,0,0,2,2,111,1,-1,0,no
9,0,1,1,0,29,8,82,12,-1,0,no
1,9,0,1,0,17,4,334,2,-1,0,no
9,2557,1,1,0,28,1,134,5,204,2,yes
4,2395,1,1,0,27,4,218,1,-1,0,no
4,134,1,1,0,19,8,134,2,-1,0,no
7,0,0,1,0,12,5,214,3,-1,0,no
4,2892,0,0,0,30,7,1165,7,-1,0,no
9,0,0,1,0,7,5,177,2,-1,0,no
0,292,0,0,0,29,7,164,6,-1,0,no
7,85,1,1,0,16,7,151,1,-1,0,no
9,4,1,1,0,4,2,145,2,260,4,no
1,367,1,1,0,2,2,217,1,221,1,no
4,-1224,0,1,0,7,5,253,4,-1,0,no
4,0,1,1,0,20,8,263,2,-1,0,no
4,-8,1,1,0,13,8,402,2,-1,0,no
1,642,1,0,0,8,7,524,1,-1,0,no
5,11,1,1,0,11,8,270,1,-1,0,no
2,5191,1,1,0,20,11,187,2,-1,0,no
1,-320,1,1,0,18,5,268,2,-1,0,no
2,2289,0,0,0,17,11,183,1,-1,0,no
0,725,0,1,0,27,2,123,3,99,8,no
9,705,0,1,0,20,4,20,4,-1,0,no
1,776,0,1,0,6,2,232,4,253,1,no
10,816,0,1,0,19,11,547,7,-1,0,no
7,171,1,1,0,21,7,71,9,-1,0,no
7,812,1,1,0,31,7,113,6,-1,0,no
7,823,1,1,0,8,8,780,4,-1,0,yes
9,1453,0,1,0,12,5,246,1,343,1,no
0,1009,0,1,0,29,1,253,1,-1,0,no
6,286,0,1,0,6,8,175,1,-1,0,no
1,2111,0,1,0,7,5,86,2,-1,0,no
9,181,0,0,1,28,7,265,2,-1,0,no
10,1770,1,1,0,5,2,916,3,-1,0,no
5,0,1,1,0,4,8,506,1,-1,0,no
0,-296,0,1,0,20,4,81,1,-1,0,no
4,2358,0,1,0,17,4,30,1,-1,0,no
4,1200,1,1,0,14,8,904,3,-1,0,yes
9,616,0,1,0,6,5,19,1,-1,0,no
6,313,1,1,0,6,8,211,4,-1,0,no
1,290,0,1,0,16,4,283,1,-1,0,no
4,1240,1,1,0,12,8,474,2,-1,0,no
0,3672,0,1,0,15,5,157,2,351,5,no
5,19,1,1,0,5,11,509,2,-1,0,no
5,212,1,0,1,17,7,27,1,-1,0,no
4,9,1,1,0,11,8,386,4,-1,0,yes
1,3074,1,1,0,18,11,679,1,-1,0,no
1,397,0,1,0,20,8,293,2,-1,0,no
1,640,0,1,0,3,2,439,3,-1,0,no
2,1011,0,1,1,30,7,340,2,-1,0,no
1,0,0,1,0,26,4,1472,1,192,4,yes
4,1133,0,1,0,4,8,293,1,181,2,yes
9,4945,0,1,0,2,3,311,2,-1,0,yes
9,712,0,1,0,18,11,291,2,-1,0,no
0,92,0,1,0,12,5,139,2,350,1,no
5,1238,0,1,0,15,7,274,1,-1,0,no
0,981,0,1,1,21,11,10,3,-1,0,no
8,3733,0,1,0,22,5,198,1,98,6,yes
4,574,0,1,0,16,7,410,2,-1,0,no
3,0,0,1,1,9,7,148,1,-1,0,no
0,0,0,0,0,20,4,239,2,259,2,no
4,474,0,1,0,7,8,90,3,-1,0,no
6,560,0,1,0,2,4,58,1,136,1,no
4,325,0,1,0,18,7,1139,2,-1,0,yes
4,437,1,1,0,5,8,504,1,92,1,yes
1,574,1,1,0,5,8,348,1,-1,0,no
5,0,1,1,1,30,7,130,3,-1,0,no
5,935,1,1,0,26,1,100,1,104,1,no
1,-220,0,1,0,2,4,90,1,-1,0,no
3,212,0,1,0,11,7,260,2,-1,0,no
0,0,1,1,0,29,10,264,1,-1,0,yes
1,0,1,0,1,15,7,275,2,-1,0,no
9,1673,1,1,0,23,10,76,1,-1,0,no
4,4213,1,1,0,25,8,142,4,-1,0,no
1,0,1,1,0,26,8,454,2,-1,0,no
1,1521,0,0,0,18,5,102,2,178,5,no
4,1310,1,1,1,30,1,521,3,158,7,no
0,0,0,0,0,17,11,57,1,-1,0,no
4,399,1,1,0,9,4,504,1,-1,0,no
9,405,1,1,0,11,8,138,3,-1,0,no
4,9756,0,1,0,5,6,103,2,95,1,yes
4,2506,1,1,0,17,2,485,1,-1,0,yes
4,697,1,1,0,5,8,166,1,-1,0,no
1,403,0,1,0,8,5,318,2,338,1,no
5,890,1,1,0,3,7,531,3,-1,0,no
9,809,0,1,0,13,5,155,2,363,4,no
3,158,0,1,1,10,7,73,1,-1,0,no
3,2705,1,1,1,14,8,137,1,-1,0,no
4,541,0,1,0,8,5,98,1,-1,0,no
4,287,0,1,0,15,5,199,2,274,3,no
4,273,0,0,0,18,7,97,3,-1,0,no
9,98,1,1,0,8,8,420,4,-1,0,no
9,477,0,1,1,7,5,973,1,366,1,no
4,2629,1,1,0,28,8,77,4,-1,0,no
3,0,1,0,0,29,7,376,2,-1,0,no
9,2325,1,1,0,2,2,125,1,-1,0,yes
7,-20,1,1,0,20,8,142,2,-1,0,no
9,230,0,1,0,18,5,442,1,266,8,yes
4,-852,1,0,0,29,8,728,2,-1,0,no
1,25,1,1,0,22,8,528,2,-1,0,yes
9,9851,0,1,0,20,11,128,5,-1,0,no
9,687,1,1,0,20,8,161,4,-1,0,no
4,1368,0,1,0,12,8,129,4,-1,0,no
1,-179,0,1,0,15,5,54,2,-1,0,no
0,-396,0,1,0,11,5,443,1,350,1,no
1,1159,0,0,0,15,5,1181,9,-1,0,no
9,1114,0,1,0,30,1,81,1,-1,0,no
7,2072,1,1,0,10,7,224,1,-1,0,no
2,459,0,1,0,29,7,189,4,-1,0,no
1,8309,0,0,0,19,11,50,1,-1,0,no
9,1043,1,1,0,18,8,195,10,-1,0,no
9,2098,1,1,0,7,8,110,2,-1,0,no
10,461,1,1,0,28,1,214,1,-1,0,no
1,1203,0,1,0,17,4,239,2,-1,0,no
9,1067,1,0,0,12,8,179,6,-1,0,no
4,1657,0,1,0,18,5,566,2,356,4,no
9,1219,1,1,0,18,8,697,4,-1,0,yes
1,-839,0,0,0,16,7,1018,2,-1,0,yes
9,994,1,1,0,5,2,221,1,241,1,no
2,6,1,1,1,30,10,246,1,-1,0,no
9,0,1,1,0,21,8,656,2,-1,0,no
7,1114,1,1,0,17,11,283,1,-1,0,no
0,46,1,1,0,7,8,238,2,-1,0,no
1,1221,0,1,0,6,5,182,1,90,8,no
4,985,1,1,0,18,8,998,6,-1,0,yes
4,520,1,1,0,4,11,158,1,-1,0,no
7,10,1,1,1,8,7,320,3,-1,0,no
1,2157,0,1,0,13,5,149,1,364,2,no
5,6095,0,0,0,14,5,410,5,-1,0,no
5,133,0,1,0,13,2,104,2,-1,0,no
0,0,1,1,0,19,8,145,10,-1,0,no
4,-328,0,1,1,2,2,318,2,-1,0,no
10,610,0,1,1,29,7,246,2,-1,0,no
4,414,1,1,0,21,7,761,2,-1,0,no
4,0,0,1,1,29,10,171,1,-1,0,yes
4,22856,1,1,0,2,7,154,1,388,1,no
7,-352,1,1,0,15,7,246,1,-1,0,no
1,602,0,1,0,13,5,201,1,-1,0,no
4,-588,0,1,0,22,7,81,4,-1,0,no
8,302,1,1,0,16,7,205,1,-1,0,yes
1,5314,0,1,0,5,5,200,3,-1,0,no
9,632,1,1,0,22,8,215,10,-1,0,no
9,5731,0,1,0,4,5,164,2,167,4,no
4,112,1,0,0,11,8,246,3,-1,0,no
7,0,1,0,1,9,7,42,1,-1,0,no
0,621,1,1,0,8,7,217,1,-1,0,no
9,1174,0,1,0,18,11,192,2,-1,0,no
0,1270,0,1,0,17,11,80,2,165,2,no
4,2886,1,1,0,20,11,230,1,-1,0,no
9,1100,0,0,0,11,8,67,1,-1,0,no
0,775,1,1,0,29,1,603,2,-1,0,no
1,5715,1,1,0,28,1,287,2,-1,0,no
2,1532,0,0,0,18,11,173,7,-1,0,no
5,75,1,1,0,28,8,118,2,-1,0,no
1,134,0,1,0,7,5,378,1,-1,0,no
0,748,1,1,1,21,11,94,7,130,3,no
9,1990,0,0,0,25,8,108,4,-1,0,no
9,192,1,1,0,5,8,203,2,-1,0,no
9,267,1,1,0,13,5,121,1,-1,0,no
2,25,0,1,0,11,5,652,1,370,4,no
0,96,0,1,0,13,5,612,2,348,3,no
4,1116,0,1,0,25,7,53,5,-1,0,no
9,-90,1,0,1,17,10,270,1,-1,0,yes
2,170,0,1,0,18,5,442,1,-1,0,yes
9,3665,1,1,0,12,8,664,3,-1,0,yes
4,2380,1,1,0,14,9,394,2,-1,0,no
4,763,0,1,0,11,5,877,7,300,2,yes
7,320,1,1,1,9,2,1971,4,-1,0,yes
9,1960,0,1,0,21,8,161,2,-1,0,no
0,2678,0,1,0,18,5,23,5,-1,0,no
0,1980,1,1,0,5,8,176,2,-1,0,no
4,1582,1,1,1,3,2,26,2,197,1,no
3,235,1,1,0,13,8,119,2,-1,0,no
4,489,0,1,0,7,8,205,5,-1,0,no
1,699,0,0,0,20,11,1258,2,122,2,yes
9,58,0,1,1,29,8,57,2,-1,0,no
9,741,0,1,0,11,8,238,1,-1,0,no
4,3230,0,1,1,20,11,207,3,-1,0,no
4,1439,0,1,0,3,6,178,2,-1,0,no
4,1058,1,1,0,11,3,188,3,-1,0,yes
1,881,0,1,0,14,5,143,1,370,2,no
9,6728,1,1,0,25,11,232,1,96,4,yes
5,462,1,1,0,7,dec,127,2,-1,0,no
6,167,0,0,0,8,5,380,4,295,1,no
2,1574,0,1,0,19,11,167,3,-1,0,no
9,1625,1,1,0,22,5,796,1,109,1,yes
4,562,1,1,0,13,9,303,2,-1,0,no
9,9305,0,1,0,17,4,407,2,-1,0,no
9,35,1,0,0,16,7,229,1,-1,0,no
4,0,1,1,0,11,8,108,2,-1,0,no
4,2486,0,1,0,25,5,265,1,-1,0,no
7,368,1,1,1,25,7,168,1,-1,0,no
4,1558,0,1,0,17,4,97,1,-1,0,no
1,8627,0,1,0,15,5,169,1,346,1,no
4,2590,1,1,0,23,9,103,2,484,2,no
9,900,0,1,0,29,1,322,2,-1,0,no
1,1649,0,1,0,12,5,52,3,-1,0,no
3,9228,1,1,0,18,7,655,4,-1,0,yes
0,0,0,0,0,9,2,101,2,-1,0,no
10,1,1,1,0,3,2,65,2,-1,0,no
7,771,0,1,0,15,5,173,4,-1,0,no
7,280,0,1,1,14,7,162,3,-1,0,no
5,46,1,1,0,14,8,78,2,-1,0,no
4,2431,0,1,0,14,5,646,5,-1,0,yes
5,308,1,1,0,30,1,114,2,-1,0,no
1,555,0,1,0,15,5,133,4,-1,0,no
1,48,1,1,0,6,5,140,2,-1,0,no
0,169,0,1,0,15,5,82,3,-1,0,no
7,12,0,1,0,17,11,150,1,-1,0,no
3,848,1,1,0,27,4,605,1,187,1,no
4,481,0,1,1,18,11,164,1,110,2,no
7,12223,0,1,0,19,11,36,1,-1,0,no
6,1148,1,1,1,29,7,104,2,-1,0,no
7,50,0,1,0,12,8,153,1,-1,0,no
9,470,0,1,0,25,7,743,13,-1,0,yes
9,0,1,1,0,28,8,82,4,-1,0,no
10,109,1,1,0,15,7,924,4,-1,0,no
4,0,1,1,0,5,2,550,4,-1,0,yes
4,7007,1,1,0,17,11,325,2,-1,0,no
5,1548,1,1,0,6,8,331,2,-1,0,no
1,326,0,0,0,7,7,112,1,-1,0,no
1,123,1,1,0,20,8,381,3,-1,0,no
4,697,1,1,0,7,8,119,1,99,3,no
8,1694,0,1,0,28,1,929,1,-1,0,no
4,894,0,1,0,20,4,491,1,326,1,no
9,202,0,1,0,18,7,146,1,-1,0,no
4,0,1,1,0,21,8,191,2,-1,0,no
9,1707,1,1,0,8,8,406,3,-1,0,no
9,13658,0,1,1,9,dec,220,2,-1,0,no
0,406,1,1,0,30,7,253,5,-1,0,no
7,96,1,1,1,30,7,340,2,-1,0,no
9,-276,1,0,0,11,8,121,4,-1,0,no
5,413,1,1,0,27,8,104,5,-1,0,no
1,655,0,1,0,5,2,127,2,258,4,no
5,694,1,1,0,29,1,144,1,102,1,yes
0,10218,0,1,0,19,11,149,2,-1,0,no
9,1646,0,1,0,4,2,261,1,184,6,yes
0,14,1,1,0,29,9,87,1,120,1,no
4,7635,1,1,0,21,8,719,5,-1,0,no
0,2855,1,1,0,30,3,52,3,-1,0,no
0,260,0,1,0,17,4,146,1,281,1,no
1,2039,0,1,0,6,5,451,1,169,2,yes
1,1465,1,1,0,19,8,98,4,-1,0,no
9,930,1,1,0,27,8,85,7,-1,0,no
4,0,0,1,0,30,1,323,4,-1,0,no
5,-35,0,1,0,7,5,304,3,-1,0,no
4,1351,1,1,0,10,dec,267,1,-1,0,no
10,717,0,1,0,30,1,113,1,-1,0,no
9,1553,1,1,0,20,8,200,2,-1,0,no
9,1191,1,1,0,21,5,214,4,-1,0,yes
0,47,1,0,0,9,7,36,6,-1,0,no
9,544,0,0,0,18,11,58,2,-1,0,no
4,242,1,1,0,30,4,587,1,-1,0,yes
8,118,1,1,0,25,5,112,1,-1,0,no
0,-388,0,1,0,14,7,175,2,-1,0,no
4,1511,0,1,0,16,11,270,1,-1,0,yes
1,147,0,1,0,6,5,116,2,169,3,no
9,55,0,1,0,13,5,38,2,369,4,no
8,691,1,1,0,19,8,338,1,-1,0,yes
9,12531,1,1,0,13,8,77,8,-1,0,no
4,552,0,0,0,19,11,314,2,124,1,no
7,33,0,1,0,5,5,298,1,-1,0,no
1,681,0,1,1,14,4,427,2,-1,0,no
1,1787,0,1,0,12,5,87,4,357,4,no
5,14220,0,1,0,9,9,397,1,-1,0,yes
4,12569,1,1,0,9,9,344,1,295,1,yes
1,4,1,1,0,23,7,74,5,-1,0,no
1,4855,0,1,0,10,8,1529,1,397,1,no
9,2408,1,1,0,12,8,236,1,104,1,no
4,252,0,1,0,8,8,89,2,-1,0,no
1,346,0,1,0,17,4,390,1,316,1,no
4,-710,0,1,0,10,7,183,1,-1,0,no
9,-551,0,1,0,11,5,168,2,-1,0,no
2,1514,1,0,0,21,11,160,3,120,3,no
4,178,0,1,0,15,5,14,2,-1,0,no
1,221,1,1,0,30,7,149,13,-1,0,no
5,1278,0,1,1,15,7,174,3,-1,0,no
0,982,1,1,0,23,7,105,1,-1,0,no
9,16,1,1,0,13,8,990,1,-1,0,yes
4,1,1,1,0,19,11,582,1,-1,0,no
7,128,0,1,0,12,5,136,1,-1,0,no
2,2543,1,1,0,10,8,223,1,414,4,yes
2,42045,1,1,0,8,8,205,2,-1,0,no
1,828,0,1,0,14,5,214,1,349,1,no
4,0,0,1,0,11,5,217,6,-1,0,no
3,3940,0,1,0,9,11,171,2,96,5,no
4,2343,1,1,0,18,7,226,1,-1,0,no
4,294,0,1,0,23,7,97,5,-1,0,no
0,644,1,0,1,22,7,92,1,-1,0,no
7,3354,0,1,0,14,5,493,5,-1,0,no
4,23,1,1,0,20,8,216,3,-1,0,no
0,7,0,1,0,27,5,224,7,105,1,no
0,3735,1,1,0,22,dec,190,1,188,9,yes
1,508,0,1,0,20,4,222,1,154,1,no
1,93,0,1,1,17,4,137,1,-1,0,no
7,26394,1,1,0,25,8,206,4,-1,0,no
7,-11,0,1,0,30,7,172,28,-1,0,no
9,523,0,1,0,3,3,152,2,-1,0,yes
9,-74,0,1,0,19,11,114,1,-1,0,no
4,0,1,1,0,11,7,89,1,-1,0,no
1,351,1,0,0,14,7,326,11,-1,0,no
9,2610,0,1,0,13,5,53,1,-1,0,no
7,64,1,1,0,21,7,71,11,-1,0,no
1,60,1,1,0,8,5,487,2,367,2,no
1,342,0,1,0,12,5,340,2,175,1,no
1,1830,1,1,0,14,10,183,1,91,11,no
4,1904,1,0,0,17,11,131,2,-1,0,no
4,16957,0,1,1,29,1,208,1,247,2,no
4,0,1,1,0,10,11,147,1,96,8,yes
1,65,1,1,0,28,8,25,18,-1,0,no
4,332,0,1,0,23,7,497,5,-1,0,no
9,-54,0,0,0,13,5,698,2,292,1,yes
10,4809,0,1,0,21,11,223,2,186,3,no
5,279,1,1,0,28,1,399,3,-1,0,yes
5,8044,1,1,0,12,11,702,1,-1,0,no
0,2374,0,1,0,9,11,161,1,209,2,yes
0,92,0,1,0,18,5,110,1,315,2,no
3,443,1,1,0,8,8,27,6,-1,0,no
1,1397,0,1,1,12,5,58,2,334,1,no
9,3177,1,1,0,8,8,92,2,-1,0,no
1,232,1,0,0,15,5,45,1,-1,0,no
4,81,0,1,0,29,1,79,1,-1,0,no
7,414,0,1,0,20,4,11,5,319,2,no
8,1433,0,1,0,15,5,520,1,-1,0,no
4,0,1,1,0,28,8,16,16,-1,0,no
3,4610,1,1,0,14,8,154,2,-1,0,no
7,334,1,1,0,29,1,389,2,-1,0,no
7,2,1,0,0,21,7,71,15,-1,0,no
9,4030,0,1,0,19,11,75,2,177,5,no
3,306,1,0,0,8,7,212,1,-1,0,no
0,0,1,1,0,22,4,91,2,275,1,no
5,168,1,1,0,19,8,79,2,-1,0,no
2,210,1,1,0,29,7,646,2,-1,0,no
1,518,0,1,0,11,5,206,1,-1,0,no
4,1696,0,1,0,26,8,257,1,474,3,yes
7,-31,1,0,0,13,8,81,2,-1,0,no
1,856,0,1,0,20,4,470,1,150,5,no
1,800,0,1,0,19,11,76,6,-1,0,no
9,347,0,1,0,6,2,154,2,197,6,no
4,2366,0,0,0,30,7,94,4,-1,0,no
5,701,1,1,0,6,8,254,2,-1,0,yes
2,475,0,0,0,9,7,1156,1,-1,0,no
1,3285,1,1,0,31,7,248,5,-1,0,no
1,925,1,1,0,20,11,884,3,-1,0,no
2,128,1,0,0,18,11,275,2,-1,0,no
1,1587,0,1,0,28,7,200,2,-1,0,no
7,478,1,1,0,30,4,475,2,-1,0,yes
9,280,1,1,0,14,7,393,5,-1,0,no
1,1868,1,1,0,8,8,156,4,-1,0,no
10,819,1,1,0,9,2,244,3,-1,0,no
6,27,1,1,0,22,8,40,2,-1,0,no
4,224,0,1,0,2,2,97,3,-1,0,no
9,2544,1,1,0,15,7,252,1,184,3,yes
1,427,1,0,0,14,8,360,4,-1,0,no
4,2764,1,1,0,17,11,235,1,-1,0,no
4,523,0,1,0,6,5,105,4,366,2,no
2,71,1,0,0,29,1,86,1,-1,0,no
5,3948,1,1,0,3,4,484,1,135,3,no
7,1810,1,1,1,19,11,117,1,-1,0,no
1,11,1,1,1,30,7,109,8,-1,0,no
5,747,1,1,1,28,1,203,3,93,1,no
0,2557,0,1,0,18,5,186,1,-1,0,no
7,0,0,1,0,13,5,172,1,-1,0,no
7,10,0,1,0,22,7,527,1,-1,0,no
7,658,0,1,1,23,7,175,1,-1,0,no
4,0,1,0,0,14,8,370,4,-1,0,no
4,0,0,1,0,27,8,63,3,-1,0,no
7,94,0,1,0,16,4,300,1,-1,0,no
6,585,0,1,0,18,11,48,1,181,3,no
1,2145,0,1,0,18,5,727,2,-1,0,yes
9,232,0,0,0,29,1,72,1,261,1,no
4,12,1,1,0,27,8,345,10,-1,0,no
7,405,1,0,0,8,8,994,2,-1,0,yes
9,966,0,0,0,19,8,40,2,-1,0,no
1,195,1,0,1,30,7,185,4,-1,0,no
3,260,1,1,0,27,8,316,5,-1,0,no
6,451,0,1,0,2,2,125,1,249,2,no
4,1808,0,1,0,26,2,245,1,-1,0,yes
1,3068,0,0,0,11,5,429,2,-1,0,no
4,23,1,1,0,26,8,133,11,-1,0,no
9,1076,1,1,0,8,8,70,2,-1,0,no
0,678,0,1,0,4,2,1579,1,246,4,yes
1,1147,0,0,1,7,5,29,1,-1,0,no
4,459,1,1,0,28,8,13,14,-1,0,no
9,976,0,1,0,17,4,183,1,338,2,no
3,357,0,1,0,18,11,175,2,-1,0,no
0,1927,0,1,0,18,11,288,1,137,1,no
9,9146,1,1,0,13,8,136,4,-1,0,no
3,0,1,1,0,10,8,1225,2,-1,0,no
4,291,1,1,0,7,8,91,2,-1,0,no
9,-703,0,1,0,8,5,123,3,-1,0,no
0,589,0,1,0,6,5,62,1,-1,0,no
1,6053,1,1,0,11,2,865,2,190,1,no
0,1142,1,1,1,4,2,82,3,-1,0,no
0,725,0,1,0,20,11,219,7,133,1,no
4,802,1,1,0,22,9,569,1,-1,0,yes
9,556,0,1,0,18,8,460,2,-1,0,yes
0,191,0,1,0,5,2,238,3,-1,0,no
9,373,1,1,0,22,8,346,5,-1,0,no
9,6164,1,1,0,19,11,161,2,-1,0,no
4,37,1,1,0,28,8,51,9,-1,0,no
1,1156,0,1,1,20,4,37,1,-1,0,no
2,806,0,0,0,7,5,141,8,297,2,no
0,2381,1,1,0,30,4,173,2,-1,0,no
1,1199,0,1,0,30,7,1011,20,-1,0,no
4,481,0,1,1,8,5,147,2,298,3,no
9,137,1,1,0,25,8,88,4,-1,0,no
1,168,0,1,1,12,5,52,1,-1,0,no
0,4745,1,1,1,12,5,360,1,181,5,yes
4,11797,0,1,0,11,8,95,2,-1,0,no
0,786,1,0,0,25,7,322,1,-1,0,no
1,331,0,1,0,14,5,178,7,365,5,no
4,5086,1,1,0,25,5,213,4,-1,0,yes
0,529,0,0,0,19,11,193,3,-1,0,no
4,4824,1,0,0,18,7,168,7,-1,0,no
5,474,1,1,0,25,1,423,1,-1,0,yes
7,186,0,1,0,17,4,433,1,-1,0,no
9,6968,1,1,0,1,6,175,1,-1,0,no
5,86,1,1,0,12,8,192,1,-1,0,no
7,6904,1,1,1,20,11,114,2,-1,0,no
8,25,1,1,1,30,4,44,1,-1,0,no
4,759,1,1,0,14,8,136,2,-1,0,no
3,1922,0,1,0,24,7,247,2,-1,0,no
5,764,1,1,0,12,8,219,4,-1,0,no
5,8556,1,1,1,18,1,326,2,272,2,yes
7,0,0,1,0,18,7,351,2,-1,0,no
5,680,1,1,1,27,11,341,4,94,3,no
3,0,1,0,1,22,7,124,1,-1,0,no
4,2819,1,1,0,7,8,123,3,-1,0,no
7,60,1,0,0,27,8,151,8,-1,0,no
4,732,1,1,0,7,4,736,7,-1,0,no
9,2707,0,1,1,16,7,109,1,-1,0,no
9,177,0,1,1,11,7,117,2,-1,0,no
0,13229,1,0,1,8,7,77,2,-1,0,no
9,990,0,1,0,6,2,252,3,-1,0,no
9,50,1,1,0,11,8,106,3,-1,0,no
2,1916,1,0,1,14,7,281,3,-1,0,no
5,763,1,1,0,24,4,384,2,-1,0,yes
1,470,0,0,0,20,4,217,1,-1,0,no
9,0,1,0,0,19,8,144,4,-1,0,no
1,5739,0,0,0,21,11,374,1,-1,0,no
4,-375,1,1,0,30,7,814,2,-1,0,yes
10,157,0,1,0,28,7,33,31,-1,0,no
4,1518,0,1,0,20,11,128,2,-1,0,no
4,1343,1,1,0,5,8,129,4,-1,0,no
4,-401,0,1,0,19,8,274,4,-1,0,no
4,5310,0,1,0,17,11,984,1,-1,0,yes
0,22171,0,1,0,18,5,44,1,355,3,no
4,856,0,0,0,4,2,70,4,7,7,no
4,3797,1,1,0,2,6,96,2,-1,0,no
1,53,0,1,0,18,11,276,1,195,1,no
1,2519,0,1,0,16,4,257,2,146,9,no
2,795,1,1,0,8,8,131,3,-1,0,no
0,0,0,0,0,30,4,586,2,-1,0,no
1,2087,0,1,0,31,8,267,1,474,1,yes
9,34,1,1,1,30,7,29,1,-1,0,no
9,15,0,1,0,25,7,67,3,-1,0,no
4,390,1,1,0,28,10,190,1,82,1,no
1,1545,0,1,0,20,11,25,1,-1,0,no
3,435,0,1,1,28,7,122,6,-1,0,no
9,876,1,1,0,27,10,269,3,541,3,yes
1,1801,1,1,1,29,10,167,1,-1,0,no
4,2278,0,0,0,13,5,244,1,-1,0,no
1,284,1,0,1,14,7,252,4,-1,0,no
4,495,1,1,0,12,3,213,3,182,6,yes
7,0,0,1,1,28,7,121,2,-1,0,no
0,542,1,1,0,11,5,8,5,350,3,no
1,66,1,1,0,19,11,244,1,-1,0,no
4,24,0,1,0,8,4,169,1,231,2,no
4,613,1,1,0,7,8,86,2,-1,0,no
5,1467,1,0,0,29,7,277,2,-1,0,no
1,192,0,1,0,13,5,154,5,176,1,no
1,788,0,1,0,17,4,392,1,-1,0,no
1,262,1,1,0,2,7,96,2,109,4,no
7,5045,0,1,0,21,11,20,6,175,15,no
1,3014,0,1,0,7,5,291,2,-1,0,no
4,5878,1,1,0,19,8,159,2,-1,0,no
2,2723,0,0,0,8,8,275,4,-1,0,no
2,0,1,1,1,19,11,207,2,153,1,no
9,1279,0,1,0,18,5,239,2,349,3,no
0,295,0,1,0,23,7,92,1,-1,0,no
0,367,1,1,1,16,11,107,2,-1,0,no
4,1477,1,1,0,7,8,71,2,-1,0,no
0,127,0,1,0,18,5,16,6,368,1,no
10,2921,1,1,1,3,2,251,1,-1,0,no
4,16264,1,1,1,17,11,215,3,-1,0,no
5,1672,1,1,0,17,7,128,3,-1,0,no
9,9207,1,1,0,18,8,445,3,-1,0,no
9,356,1,1,0,2,3,76,2,-1,0,no
4,133,0,1,0,9,7,206,1,-1,0,no
4,1217,0,0,0,18,11,155,1,-1,0,no
9,202,0,1,0,4,2,429,1,201,1,no
6,442,1,1,0,19,6,474,3,95,3,yes
9,808,0,1,0,15,5,578,1,364,1,no
4,427,0,1,0,6,5,17,3,169,2,no
7,4256,0,1,0,16,8,239,3,761,1,yes
4,0,0,0,0,19,8,275,8,-1,0,no
7,238,0,1,0,6,5,101,1,362,5,no
5,846,1,1,0,11,2,671,1,181,3,yes
1,3,1,1,0,19,11,998,1,-1,0,yes
9,618,0,1,0,7,5,281,1,-1,0,no
5,230,1,1,0,30,10,144,1,-1,0,yes
4,1287,0,1,0,14,5,432,1,-1,0,no
6,980,1,1,0,2,8,428,2,336,6,no
0,79,0,1,0,22,10,249,2,335,2,yes
0,3043,1,1,0,19,8,235,3,-1,0,no
4,808,1,1,0,18,9,267,2,114,2,yes
5,745,1,1,1,9,9,595,1,-1,0,no
4,290,0,1,0,21,7,257,2,-1,0,no
1,1792,0,1,0,31,7,630,6,-1,0,yes
4,0,1,1,0,27,8,87,4,-1,0,no
4,3953,0,1,0,19,11,277,1,-1,0,no
4,112,0,1,0,5,5,118,1,-1,0,no
4,13204,0,0,0,20,11,197,2,-1,0,no
1,0,1,0,0,14,4,101,5,-1,0,no
4,22546,0,1,0,14,5,8,6,267,4,no
0,0,0,1,1,17,7,1448,7,-1,0,yes
10,23,1,1,0,21,11,344,1,-1,0,no
1,228,0,1,0,11,5,12,8,342,9,no
0,459,1,1,0,5,4,558,1,-1,0,yes
7,-378,0,0,0,13,5,541,1,295,6,no
1,395,1,1,0,21,11,429,1,-1,0,no
0,865,0,1,0,27,10,96,1,111,3,no
4,340,0,1,0,20,4,68,2,-1,0,no
1,1882,1,1,0,7,5,529,2,-1,0,no
4,265,1,1,0,30,1,650,2,-1,0,no
0,389,0,1,0,7,dec,69,1,185,2,no
0,0,0,0,0,29,7,71,7,-1,0,no
4,384,0,1,0,12,5,30,7,-1,0,no
4,94,0,1,0,31,7,9,19,-1,0,no
4,1471,1,1,0,12,8,331,2,-1,0,no
9,500,0,1,0,20,11,26,6,-1,0,no
4,365,1,1,0,21,11,168,2,-1,0,no
5,429,1,1,1,8,7,1006,2,-1,0,yes
9,6839,0,1,0,19,11,77,1,-1,0,no
2,1847,0,1,0,9,4,543,3,321,6,no
0,897,1,1,0,5,6,397,1,-1,0,yes
7,4664,1,1,0,21,11,22,4,114,1,no
8,64,1,1,0,15,9,208,1,105,2,no
10,-471,0,1,0,20,11,77,3,185,7,no
0,14,1,1,0,1,6,201,1,-1,0,no
1,26,0,1,0,17,4,342,3,332,1,no
1,382,0,1,0,13,5,294,1,-1,0,no
10,0,0,1,0,13,5,172,1,-1,0,no
1,142,0,1,0,14,5,123,1,360,3,no
1,103,0,1,0,12,5,153,1,-1,0,no
0,847,0,1,0,11,5,85,2,-1,0,no
7,66,0,0,0,21,11,59,4,-1,0,no
2,66,0,0,0,6,2,139,1,-1,0,no
7,180,0,1,1,15,5,45,2,-1,0,no
7,4,1,1,0,30,4,268,1,261,5,yes
9,550,1,0,0,9,7,601,1,-1,0,no
7,4908,1,0,0,13,5,491,2,-1,0,no
4,348,1,0,0,15,7,88,3,-1,0,no
6,453,0,1,0,17,7,134,1,-1,0,no
0,926,0,0,0,15,5,191,1,-1,0,no
4,502,0,1,0,3,2,267,4,270,3,no
4,8669,0,1,1,20,4,5,3,150,6,no
4,9324,0,1,0,30,3,138,8,-1,0,no
4,0,1,1,0,19,8,188,4,-1,0,no
0,72,0,0,0,15,5,262,2,352,2,no
6,61,1,1,0,19,8,836,3,-1,0,yes
9,173,1,1,0,29,8,150,4,-1,0,no
7,-162,0,1,0,15,5,44,2,-1,0,no
4,47,1,0,0,31,7,11,17,-1,0,no
7,1983,0,1,1,19,11,123,1,-1,0,no
0,2552,1,0,0,30,1,255,2,2,4,no
4,1283,1,1,0,18,8,92,5,-1,0,no
3,2179,0,1,0,4,9,112,7,-1,0,no
1,36,1,1,0,13,8,109,2,-1,0,no
9,-308,1,1,0,2,2,781,1,-1,0,yes
4,1177,1,1,0,19,10,116,1,-1,0,no
6,2077,0,1,0,13,5,363,1,173,24,no
2,0,1,1,0,7,8,82,2,-1,0,no
6,1,1,1,0,18,7,167,3,-1,0,no
1,7735,0,1,0,20,11,220,1,190,1,no
9,1922,0,1,0,18,5,546,1,-1,0,no
8,153,1,1,0,23,7,1124,2,-1,0,yes
4,139,1,1,0,27,5,188,1,161,2,no
4,21,0,1,0,14,5,107,4,371,3,no
1,444,0,1,0,15,4,244,3,-1,0,no
7,209,0,1,0,22,7,319,2,-1,0,no
0,5320,1,1,0,3,3,114,6,467,5,no
7,4885,0,0,0,18,11,400,2,-1,0,no
0,0,0,0,0,18,11,79,3,-1,0,no
1,6767,0,1,0,20,11,97,2,-1,0,no
7,8876,1,1,0,2,2,280,1,75,1,no
5,319,1,1,0,24,7,129,1,-1,0,no
10,304,1,1,0,14,6,516,1,-1,0,no
0,0,0,1,0,29,7,82,5,-1,0,no
6,670,1,1,0,9,7,378,1,-1,0,no
5,2850,1,1,0,17,2,185,1,-1,0,yes
7,79,0,1,0,15,5,317,1,-1,0,no
9,5039,1,1,0,20,11,205,6,-1,0,no
1,360,0,1,1,19,11,46,1,182,2,no
0,199,1,1,0,28,1,978,2,189,1,no
6,238,0,0,0,5,2,45,5,-1,0,no
0,1088,0,1,0,28,1,138,1,-1,0,no
1,750,0,1,0,18,5,90,6,-1,0,no
1,1291,0,1,0,14,5,142,3,259,17,no
4,89,0,0,1,9,2,148,6,-1,0,no
9,0,1,1,0,21,8,126,2,-1,0,no
10,0,0,1,0,19,11,332,1,183,1,no
5,5706,0,1,0,25,7,471,2,-1,0,no
4,7780,1,1,1,4,5,364,1,355,1,no
4,-559,0,0,0,7,5,98,1,167,2,no
2,16874,0,0,0,15,5,117,2,-1,0,no
5,1987,1,1,1,14,7,185,4,-1,0,no
6,642,1,1,0,18,11,147,3,-1,0,no
4,6483,1,1,0,13,8,275,1,-1,0,no
4,2306,1,1,1,6,8,239,4,-1,0,yes
4,-679,0,0,0,7,5,172,1,93,1,no
1,-1,1,1,0,19,8,195,2,-1,0,no
5,2590,1,1,1,9,2,68,12,-1,0,no
4,331,1,0,0,28,7,82,3,-1,0,no
7,462,1,1,0,13,11,495,1,93,1,yes
6,0,0,1,0,21,7,479,1,-1,0,no
9,0,1,1,0,29,8,141,2,-1,0,no
4,151,1,1,0,19,8,82,4,-1,0,no
4,883,0,1,0,10,dec,798,1,185,5,yes
7,266,1,0,0,7,7,232,1,-1,0,no
4,0,1,1,0,26,8,60,5,-1,0,no
4,3,1,0,0,8,7,443,1,-1,0,no
9,0,0,0,0,18,8,374,16,-1,0,no
9,136,1,1,0,25,8,363,7,-1,0,yes
4,28,1,1,0,8,8,111,2,-1,0,no
4,335,1,1,0,29,8,130,4,-1,0,no
4,1206,1,1,0,9,7,160,2,-1,0,no
9,914,0,1,0,12,5,185,2,-1,0,no
6,31,0,1,0,20,11,61,2,181,4,no
9,0,1,1,1,14,8,159,2,106,6,no
4,347,0,1,0,18,5,213,1,264,6,no
9,89,0,1,0,10,7,140,3,-1,0,no
9,0,0,0,0,28,1,71,1,223,9,no
7,0,1,0,0,8,7,47,7,-1,0,no
0,68,0,1,0,16,4,570,2,-1,0,no
9,-149,0,1,0,14,7,287,2,-1,0,no
7,2411,0,1,0,23,10,130,1,161,1,yes
4,225,0,1,0,14,5,201,1,345,1,no
4,112,0,1,0,4,11,70,5,85,5,no
4,0,1,1,0,22,8,54,2,-1,0,no
1,179,1,1,0,30,7,103,3,-1,0,no
0,1544,0,1,0,6,4,104,1,312,1,no
1,199,1,1,1,18,8,29,2,-1,0,no
10,302,1,1,0,11,2,528,3,-1,0,yes
0,189,0,1,0,31,7,68,2,-1,0,no
5,565,1,1,1,7,7,876,1,-1,0,yes
2,310,1,1,0,1,9,76,1,-1,0,no
9,6,0,1,0,18,5,122,3,357,4,no
10,-110,1,0,0,29,1,141,1,-1,0,no
4,6495,1,1,0,30,3,78,3,-1,0,no
0,-650,1,1,0,15,5,123,2,364,1,no
1,292,1,0,1,28,7,210,3,-1,0,no
5,35,1,1,0,29,7,336,7,-1,0,no
5,19317,0,1,0,4,8,249,1,-1,0,yes
9,3726,1,1,0,5,8,875,2,-1,0,yes
6,6610,1,1,0,24,2,481,2,-1,0,yes
0,319,0,1,0,18,5,120,2,-1,0,no
1,1545,0,0,0,13,5,207,1,-1,0,no
9,1315,1,1,1,5,6,303,2,-1,0,no
9,424,1,1,0,21,8,93,2,-1,0,no
1,151,1,1,0,3,2,128,1,-1,0,no
9,-970,1,0,0,21,8,194,2,-1,0,no
7,181,0,1,0,31,7,5,3,-1,0,no
4,78,0,1,0,14,1,218,3,161,9,no
0,2469,1,1,0,16,7,136,8,-1,0,no
9,0,1,1,0,19,11,336,1,-1,0,no
1,328,1,0,0,8,7,192,1,-1,0,no
3,0,1,1,0,26,5,141,1,188,1,no
4,1384,0,1,0,30,1,203,2,2,3,no
4,0,1,1,0,26,8,104,9,-1,0,no
4,0,1,1,0,10,8,71,1,-1,0,no
1,-1400,0,1,1,6,5,309,3,355,4,no
1,2160,1,1,0,8,9,261,1,98,1,yes
4,3452,1,1,0,13,8,132,2,-1,0,no
9,842,1,1,0,30,7,273,1,91,1,no
9,0,0,1,0,28,7,83,6,-1,0,no
1,1628,0,1,0,5,2,119,1,195,8,no
0,396,0,1,0,16,7,101,3,-1,0,no
0,3215,0,1,0,21,7,228,3,-1,0,no
9,0,1,1,0,7,7,152,2,-1,0,no
1,16178,0,1,0,21,11,297,1,-1,0,no
9,0,1,1,0,22,8,147,2,-1,0,no
4,88,1,1,0,4,5,143,1,-1,0,no
5,1164,1,1,1,14,5,338,3,185,2,no
9,389,0,1,0,11,5,15,7,-1,0,no
4,356,1,1,0,8,5,198,2,358,5,no
5,261,1,1,0,12,8,1117,2,-1,0,no
0,757,1,1,0,3,2,343,2,-1,0,no
4,16,1,1,0,31,7,59,2,-1,0,no
1,-422,1,1,0,9,7,31,1,-1,0,no
0,248,1,1,0,16,7,212,2,-1,0,no
5,598,1,0,0,8,7,96,1,-1,0,no
9,614,1,1,0,11,8,72,4,-1,0,no
1,1209,0,1,0,16,4,700,1,-1,0,no
6,202,0,1,0,15,4,107,1,148,4,no
1,1840,0,1,0,18,8,312,3,-1,0,no
9,114,0,0,0,4,6,153,1,309,3,no
7,-229,1,0,0,23,7,55,10,-1,0,no
7,182,0,1,1,13,5,38,3,-1,0,no
1,401,1,1,0,14,8,96,3,-1,0,no
5,4194,1,0,1,30,7,208,3,-1,0,no
9,629,0,0,0,29,dec,109,1,246,1,no
4,553,0,1,0,22,7,72,1,-1,0,no
4,1057,1,1,0,5,2,383,2,-1,0,no
4,929,1,1,0,19,8,387,8,-1,0,no
1,428,0,1,0,18,5,59,2,-1,0,no
8,268,0,1,0,13,5,528,1,358,2,no
4,83,1,1,0,26,8,1223,6,-1,0,yes
0,2223,1,1,0,4,dec,1139,2,114,1,no
1,6,0,1,0,19,11,286,2,-1,0,no
1,312,0,0,0,3,2,369,2,-1,0,no
4,0,1,1,0,13,8,333,5,-1,0,no
9,691,0,1,0,8,5,198,1,-1,0,no
4,771,0,1,0,26,8,106,8,-1,0,no
6,192,1,1,0,22,7,423,1,-1,0,no
5,0,1,1,0,12,8,116,4,-1,0,no
7,84,0,1,0,13,4,1101,2,-1,0,yes
4,2,1,1,0,16,6,102,1,85,1,no
4,1242,0,1,0,6,8,384,6,-1,0,no
0,3337,0,1,1,17,11,99,3,-1,0,no
7,1347,1,1,1,18,6,280,6,92,5,yes
9,64,1,1,1,29,8,20,2,-1,0,no
9,0,1,1,0,29,8,85,6,-1,0,no
9,351,0,1,0,18,7,467,1,-1,0,no
7,5533,0,1,0,7,5,582,2,283,4,no
7,38,0,1,0,15,5,744,1,-1,0,yes
4,35,1,1,0,30,7,185,4,-1,0,no
9,235,0,1,0,12,5,13,5,-1,0,no
0,30,0,1,0,4,2,98,1,266,3,no
1,4022,0,1,0,29,1,244,3,-1,0,no
4,0,0,1,0,12,5,561,4,369,3,no
4,349,1,1,0,22,8,182,1,-1,0,no
7,2322,1,1,0,22,8,618,1,-1,0,no
4,558,1,1,0,19,8,126,6,-1,0,no
7,-230,0,0,0,16,7,715,1,-1,0,no
10,4094,0,1,0,21,11,63,1,-1,0,no
4,497,1,1,0,13,5,66,1,363,22,no
1,179,0,1,0,17,11,96,1,-1,0,no
0,305,1,1,0,30,4,633,1,85,2,yes
1,770,0,1,0,17,4,341,1,-1,0,no
9,858,0,1,0,12,6,234,7,330,1,no
3,0,1,1,0,23,2,639,1,189,1,yes
4,5244,1,1,0,8,8,310,4,-1,0,no
6,846,1,1,0,2,6,253,1,-1,0,no
4,0,0,1,0,11,7,96,2,-1,0,no
4,1331,1,1,0,30,4,297,1,86,3,yes
0,179,0,1,0,15,5,67,1,368,2,no
1,253,0,0,0,5,5,475,2,-1,0,no
5,71188,1,1,0,6,10,205,1,-1,0,no
4,5108,0,1,0,8,10,272,1,102,8,no
1,1738,0,1,0,15,4,349,1,-1,0,no
1,-97,0,1,0,3,2,216,4,271,5,no
1,199,0,1,0,9,7,183,1,-1,0,no
4,489,0,1,0,8,5,130,1,172,2,no
4,473,1,0,0,5,8,37,2,-1,0,no
2,6649,0,1,0,19,11,354,2,-1,0,no
6,263,1,1,0,4,5,203,1,78,8,no
1,119,1,1,0,4,5,20,5,-1,0,no
4,434,0,1,0,11,5,277,1,271,2,no
4,1585,1,1,1,28,8,91,5,-1,0,no
4,588,1,1,0,28,8,70,9,-1,0,no
4,3180,0,1,0,9,7,384,1,-1,0,no
7,152,0,1,0,25,5,158,2,-1,0,yes
3,1040,0,1,0,13,5,199,1,173,2,no
9,475,0,1,0,29,7,538,8,-1,0,no
9,0,1,1,0,22,8,77,9,-1,0,no
2,149,1,1,0,20,8,94,2,-1,0,no
5,424,1,1,0,19,11,143,1,154,3,no
1,79,1,0,0,20,11,104,1,-1,0,no
9,674,0,1,0,7,8,587,2,-1,0,yes
7,0,0,1,0,22,7,1608,13,-1,0,yes
10,58,0,1,0,9,2,48,4,-1,0,no
9,532,0,1,0,9,7,74,1,-1,0,no
5,4130,1,1,0,12,11,427,1,-1,0,no
1,422,0,1,0,14,5,73,1,-1,0,no
1,-308,0,1,0,12,5,725,1,-1,0,yes
3,30,0,1,0,14,7,333,2,-1,0,no
6,137,1,1,0,13,8,244,6,-1,0,no
0,-247,0,0,1,21,10,519,1,166,1,yes
0,321,0,1,0,22,7,242,7,-1,0,no
7,250,0,1,0,18,5,222,1,-1,0,no
4,-470,0,1,0,19,11,130,2,160,1,no
1,140,0,0,0,7,5,490,1,-1,0,no
4,2793,1,1,0,20,11,258,2,-1,0,no
4,410,1,1,0,29,1,337,2,-1,0,no
9,116,1,1,0,24,8,79,2,94,2,no
7,0,0,1,1,9,7,250,1,-1,0,no
1,878,0,1,0,2,6,130,1,-1,0,no
4,2944,1,1,0,18,8,882,8,-1,0,yes
1,3975,0,0,0,17,4,515,1,150,1,no
7,96,0,1,0,5,5,238,3,340,2,no
9,2288,1,1,1,28,5,32,2,-1,0,no
1,137,1,0,0,18,7,305,12,-1,0,no
10,24,0,1,0,19,11,631,1,-1,0,no
9,3450,1,1,0,10,2,169,1,183,1,yes
9,311,0,1,0,28,5,61,2,-1,0,no
3,139,1,1,0,22,8,256,2,-1,0,no
4,334,0,1,1,4,5,36,6,90,2,no
4,997,1,1,0,10,3,106,1,-1,0,yes
4,440,1,1,0,21,8,71,4,-1,0,no
9,47,1,1,0,25,8,132,6,-1,0,no
4,3355,1,1,0,14,10,181,2,500,1,no
4,8,1,1,0,23,4,93,3,-1,0,yes
4,170,1,1,0,15,6,129,1,-1,0,yes
4,2769,0,1,0,11,7,94,2,-1,0,no
1,2320,0,1,0,7,4,310,1,-1,0,no
5,76,0,1,0,15,7,195,7,-1,0,no
5,921,1,1,1,17,4,394,2,-1,0,yes
1,483,0,1,0,3,2,288,3,-1,0,no
6,390,0,1,0,31,7,208,2,-1,0,no
4,0,1,1,0,27,10,508,1,-1,0,yes
1,92,1,1,0,30,7,86,2,-1,0,no
7,22196,0,1,0,21,11,189,1,-1,0,no
3,249,0,1,0,21,11,450,1,-1,0,no
5,206,1,1,0,9,2,479,1,-1,0,yes
9,2325,1,1,0,5,4,270,3,241,4,no
4,0,1,1,0,24,7,164,1,-1,0,no
1,1664,0,1,0,20,4,158,1,182,1,no
9,3333,1,1,0,8,8,50,4,-1,0,no
9,7020,1,1,0,6,8,80,2,-1,0,no
0,37,1,1,0,6,2,45,1,-1,0,no
8,28,1,1,0,29,1,220,2,-1,0,no
9,2157,0,1,0,21,7,339,1,-1,0,no
6,1732,1,1,1,21,11,1441,3,-1,0,no
4,623,0,1,0,13,5,96,2,349,5,no
0,3540,0,1,0,18,5,213,1,178,1,no
0,95,0,1,0,30,4,335,1,-1,0,yes
7,765,0,1,0,14,5,959,3,174,7,yes
9,-824,0,1,0,7,8,429,3,-1,0,yes
4,5549,1,1,0,28,7,383,6,-1,0,no
9,4,0,0,0,25,8,132,8,-1,0,no
0,423,0,0,0,16,10,95,1,-1,0,no
4,-892,0,0,0,14,8,248,2,-1,0,no
4,8038,0,1,0,20,4,29,3,152,1,no
0,1139,0,1,0,11,7,106,2,-1,0,no
6,189,0,1,0,19,11,136,1,120,1,no
3,19,1,1,0,5,2,110,2,64,2,yes
9,3663,1,1,0,11,8,230,3,-1,0,no
9,2323,0,0,0,18,8,151,10,-1,0,no
1,425,0,1,1,9,7,693,2,-1,0,no
9,5122,1,1,0,13,8,31,1,-1,0,no
4,608,1,1,0,26,8,125,2,-1,0,no
0,607,0,1,0,12,5,454,2,364,3,yes
0,381,1,1,0,5,8,504,2,-1,0,no
10,385,1,1,1,27,8,29,28,-1,0,no
4,1274,0,1,0,1,6,190,1,84,1,no
1,377,0,1,1,3,2,143,4,272,1,no
0,802,1,1,0,30,1,77,1,2,2,no
0,194,1,1,0,31,7,517,4,-1,0,no
9,-315,1,0,0,10,7,2029,1,-1,0,yes
9,1843,0,1,0,25,5,269,1,-1,0,no
9,-9,1,1,0,14,8,457,2,-1,0,no
3,83,1,0,0,7,8,184,1,-1,0,no
2,433,0,1,0,18,5,47,4,-1,0,no
1,4503,1,1,1,21,11,168,3,-1,0,no
7,51,0,1,0,11,5,50,1,-1,0,no
7,961,1,0,0,14,8,757,4,-1,0,no
5,49,0,0,0,25,8,93,4,-1,0,no
9,3470,1,1,0,11,8,285,2,-1,0,no
9,-147,0,1,0,20,4,390,1,-1,0,no
7,0,0,1,0,18,5,146,2,-1,0,no
4,172,1,1,0,19,8,145,7,-1,0,no
0,-407,1,0,0,7,7,230,1,-1,0,no
4,649,1,1,0,16,7,237,2,91,1,no
1,1040,1,1,0,8,7,474,2,-1,0,no
7,209,0,1,0,28,7,487,7,-1,0,no
8,294,1,1,0,5,3,87,1,91,2,yes
3,4848,0,0,1,23,7,82,3,-1,0,no
1,1670,0,1,0,18,5,183,1,-1,0,no
0,1420,1,1,0,8,4,124,2,-1,0,no
9,1679,1,1,1,20,10,718,1,-1,0,yes
4,1198,0,1,0,2,2,63,1,-1,0,no
0,169,1,1,0,14,8,180,1,106,2,no
6,506,1,1,0,25,8,47,1,120,1,no
2,1249,0,1,0,9,7,391,1,-1,0,no
4,212,0,1,0,15,5,373,1,-1,0,no
9,23,1,1,0,20,8,289,2,-1,0,no
4,4402,1,1,1,10,dec,805,1,190,1,yes
7,459,0,1,0,7,5,623,1,293,1,yes
4,0,0,1,0,17,11,213,2,-1,0,no
9,3706,0,1,0,20,11,129,1,-1,0,no
1,1177,1,1,0,15,4,330,1,311,4,yes
4,3357,1,1,0,21,7,120,3,-1,0,no
1,1011,0,1,0,12,8,112,2,-1,0,no
4,1318,0,1,0,7,8,100,2,-1,0,no
9,167,0,1,0,28,1,57,1,-1,0,no
4,2187,0,1,0,17,11,525,3,-1,0,yes
0,14440,0,1,0,21,11,60,1,-1,0,no
4,2537,1,1,0,26,8,219,6,-1,0,no
9,569,1,1,0,27,8,976,12,-1,0,yes
4,0,1,0,0,8,7,46,1,-1,0,no
2,0,0,1,0,18,11,185,3,-1,0,no
9,12,1,1,0,12,8,587,2,-1,0,yes
9,49,1,1,0,29,7,65,2,-1,0,no
9,613,0,1,0,11,5,432,2,-1,0,no
2,7944,1,1,0,21,11,102,1,-1,0,no
1,1143,0,1,0,17,4,264,1,317,1,no
5,-464,0,1,0,4,2,75,1,190,6,no
7,1989,0,0,0,20,4,106,2,-1,0,no
9,17,0,0,0,17,11,81,1,-1,0,no
5,-1,1,1,0,27,8,89,23,-1,0,no
5,1679,1,1,0,12,8,417,1,365,9,yes
0,3676,1,1,0,18,10,567,1,95,3,yes
4,-242,0,0,0,18,5,600,4,332,4,yes
4,8902,0,1,0,14,8,464,5,-1,0,no
4,1704,1,1,0,1,9,222,1,-1,0,no
4,3050,0,1,0,13,5,469,1,-1,0,yes
3,2581,1,1,0,15,4,99,1,-1,0,no
1,243,0,1,0,20,4,41,3,-1,0,no
8,1847,1,1,0,9,dec,390,1,-1,0,no
4,3371,1,1,0,11,11,269,2,-1,0,yes
7,1757,0,1,0,20,4,1010,3,326,1,no
4,171,0,1,0,8,8,73,6,-1,0,no
4,-55,0,1,0,18,8,119,6,-1,0,no
3,21,1,1,0,26,8,634,2,-1,0,no
9,246,0,1,0,17,11,270,1,123,2,no
1,887,0,1,0,12,5,165,2,363,1,no
4,51,1,1,0,19,8,164,2,-1,0,no
7,-287,0,1,0,18,5,196,1,-1,0,no
7,0,0,1,0,14,7,78,4,-1,0,no
6,2734,0,1,0,12,5,897,4,-1,0,yes
2,52,1,1,0,31,7,22,8,-1,0,no
4,2594,0,1,0,21,11,161,3,-1,0,no
9,1611,0,1,0,11,5,490,2,-1,0,no
0,18,0,0,0,30,4,359,1,-1,0,yes
1,1331,0,1,0,29,7,213,2,-1,0,no
9,52,1,1,0,20,8,261,2,-1,0,no
9,10655,1,1,1,31,7,5,3,-1,0,no
4,1831,1,1,0,17,11,1531,1,-1,0,no
4,586,0,0,0,6,5,179,2,-1,0,no
6,2061,0,0,0,29,1,197,2,244,3,no
9,959,1,1,0,9,7,144,5,-1,0,no
4,-13,0,1,0,15,5,20,6,291,2,no
0,801,1,1,0,11,8,331,7,-1,0,no
5,1948,1,1,0,28,1,216,1,91,4,yes
1,24,1,1,0,12,5,68,1,363,1,no
9,1871,0,1,0,17,11,64,1,-1,0,no
1,188,0,1,0,12,5,58,3,347,5,no
7,61,0,1,0,8,7,529,5,-1,0,no
0,-967,0,1,1,15,5,8,7,-1,0,no
1,0,0,1,0,21,4,146,4,-1,0,yes
9,275,1,1,0,25,8,69,6,-1,0,no
4,724,0,1,0,17,11,157,2,172,1,no
7,27,1,1,0,25,5,485,1,-1,0,no
0,26,0,1,0,7,5,56,1,359,1,no
9,191,1,1,0,31,8,69,1,-1,0,no
9,-123,1,1,0,5,8,131,2,-1,0,no
9,179,1,1,0,19,8,294,3,-1,0,no
1,1086,0,1,0,6,5,146,1,272,2,no
3,70,1,1,0,27,10,255,3,148,1,yes
1,2700,1,1,0,3,2,337,4,-1,0,no
9,1602,0,1,0,2,6,142,1,-1,0,no
0,0,0,1,0,24,7,209,2,-1,0,no
6,3800,1,0,0,9,7,70,1,-1,0,no
9,0,0,0,0,4,2,539,8,204,5,no
4,-34,1,1,0,5,2,176,1,-1,0,no
0,5,0,0,0,16,7,101,7,-1,0,no
10,3529,1,1,0,5,2,169,2,-1,0,no
1,1334,0,1,0,20,4,234,5,-1,0,no
6,3601,1,1,0,22,8,171,15,-1,0,no
9,265,1,1,0,28,8,14,3,-1,0,no
6,487,1,0,0,27,8,155,15,-1,0,no
1,0,0,1,0,11,5,580,1,173,1,no
5,14412,1,1,0,18,11,297,1,-1,0,no
4,3288,1,1,0,8,8,124,2,-1,0,no
9,57,1,1,0,2,2,465,2,-1,0,no
9,2246,0,1,0,10,7,330,1,-1,0,no
9,4441,0,1,0,20,11,153,2,183,2,no
1,448,0,0,0,5,8,98,1,-1,0,no
2,27,0,1,1,10,9,230,3,-1,0,yes
1,474,1,1,0,22,7,400,2,-1,0,no
9,1185,0,1,0,30,4,284,1,339,1,no
7,282,0,1,0,17,7,243,1,-1,0,no
1,2,0,1,0,15,5,16,9,309,1,no
9,60,1,1,0,7,8,274,2,-1,0,no
6,3972,1,1,0,30,7,122,3,-1,0,no
5,26452,1,1,1,15,7,219,2,-1,0,no
0,818,0,0,0,16,4,301,3,-1,0,no
7,9374,0,1,0,21,11,7,8,185,1,no
5,279,1,1,1,12,8,26,1,-1,0,no
10,20,0,1,1,28,1,172,1,-1,0,no
0,360,1,1,0,15,5,332,1,297,2,no
9,1532,1,1,0,22,5,253,1,107,5,no
4,1673,1,1,0,16,8,200,2,159,3,no
7,2420,1,1,0,19,11,405,2,-1,0,no
9,1533,1,0,0,5,8,86,1,-1,0,no
0,296,1,1,0,7,7,147,4,-1,0,no
9,485,1,1,0,26,8,98,14,-1,0,no
9,125,1,1,1,29,8,66,2,-1,0,no
5,616,1,1,0,27,4,149,2,182,1,no
7,3064,0,1,1,26,8,240,3,107,4,no
9,206,1,1,0,26,8,87,6,-1,0,no
1,6900,1,1,0,21,11,816,1,-1,0,no
7,481,0,1,0,20,11,106,2,183,2,no
0,12,0,1,0,30,1,73,3,256,3,no
1,53,0,1,0,7,4,208,1,140,1,no
1,6,0,1,0,29,1,821,1,-1,0,no
4,562,1,1,0,21,8,137,4,-1,0,no
1,2805,0,1,0,14,5,173,6,353,23,no
1,0,0,1,0,21,7,676,1,-1,0,no
4,1612,1,1,0,16,3,384,1,182,5,no
4,0,0,1,0,21,7,295,3,-1,0,no
0,2137,1,1,1,8,7,132,7,-1,0,no
1,260,0,1,1,31,7,175,2,-1,0,no
1,-53,0,1,0,16,4,648,1,272,1,yes
4,944,1,1,0,29,10,251,2,-1,0,yes
9,2394,1,1,0,14,8,184,2,-1,0,no
9,297,0,1,0,14,10,119,3,-1,0,no
5,2144,1,1,0,29,7,417,1,184,4,yes
9,969,1,1,0,15,6,95,1,-1,0,no
9,0,1,1,0,14,7,125,2,-1,0,no
2,37,0,0,0,6,5,207,1,363,2,no
9,410,1,0,0,21,11,162,5,-1,0,no
9,1211,0,1,0,18,5,176,1,-1,0,no
4,71,1,1,0,22,8,107,6,-1,0,no
4,436,0,1,0,17,4,28,1,345,1,no
4,1170,1,1,0,20,8,200,4,-1,0,no
2,0,1,1,0,21,11,108,7,-1,0,no
9,647,0,0,0,4,2,124,1,273,1,no
1,2142,0,1,0,29,1,309,2,224,1,no
5,639,1,1,1,18,5,353,3,-1,0,yes
1,177,0,0,1,21,7,742,4,-1,0,no
4,236,1,1,0,4,8,200,1,-1,0,no
0,96,1,1,1,4,2,151,2,-1,0,no
9,126,1,1,0,22,8,112,2,-1,0,no
8,8,1,1,0,22,4,107,2,-1,0,yes
5,316,1,1,0,12,5,463,3,-1,0,no
6,-282,0,1,0,20,11,131,3,-1,0,no
4,-308,0,1,0,30,4,140,2,-1,0,no
9,248,1,1,0,19,8,163,4,-1,0,no
6,13,0,1,0,20,4,76,1,-1,0,yes
9,-393,0,0,0,16,7,435,1,-1,0,yes
7,358,0,1,0,7,5,302,1,356,3,no
0,1268,0,1,0,15,5,259,3,-1,0,no
9,-163,0,0,0,8,8,502,2,-1,0,no
4,473,0,1,0,11,5,72,2,361,1,no
4,4831,0,1,0,4,2,265,1,-1,0,no
9,1063,0,1,0,31,7,413,2,-1,0,no
4,0,0,1,0,12,5,756,3,-1,0,no
10,802,1,1,1,3,2,258,2,-1,0,no
4,430,0,1,0,25,7,137,16,-1,0,no
6,4382,0,1,1,18,5,193,4,-1,0,no
4,0,1,1,0,11,3,129,4,107,2,no
9,3939,1,1,0,8,8,209,2,-1,0,no
1,358,1,1,0,21,7,88,5,-1,0,no
1,1141,0,1,0,12,5,22,5,-1,0,no
2,538,0,1,0,7,8,353,2,-1,0,yes
9,8023,1,1,0,25,2,196,1,87,4,no
7,2478,1,0,0,20,11,395,1,-1,0,no
8,6844,1,1,0,14,8,126,3,127,7,no
9,440,0,1,0,3,2,13,5,-1,0,no
6,800,1,0,0,9,7,170,1,-1,0,no
2,638,1,1,0,14,7,358,6,-1,0,no
5,159,1,1,0,28,8,159,1,-1,0,no
1,483,0,1,0,12,5,225,3,-1,0,no
10,94,1,1,0,10,8,493,1,181,14,yes
5,1044,1,1,1,11,1,585,1,192,2,yes
9,401,0,1,1,20,11,26,1,-1,0,no
4,1881,1,1,0,19,11,456,2,-1,0,no
0,3,0,1,0,28,7,37,12,-1,0,no
7,221,0,1,0,14,5,150,1,360,1,no
6,36,1,1,0,13,8,104,10,-1,0,no
1,969,0,1,0,13,5,721,1,-1,0,no
0,220,1,1,0,26,5,68,1,-1,0,no
4,10907,1,1,0,4,5,74,3,-1,0,no
8,-148,0,1,0,11,9,146,3,224,1,no
1,865,0,1,0,13,5,78,2,-1,0,no
1,579,1,1,0,26,8,83,4,-1,0,no
9,2934,1,1,0,8,8,233,2,-1,0,no
4,6637,0,1,0,17,4,174,2,-1,0,no
4,271,1,1,0,18,11,89,1,-1,0,no
9,0,1,1,0,9,8,145,3,94,4,no
9,699,0,1,0,11,8,213,4,-1,0,no
1,150,1,1,0,5,2,210,1,-1,0,no
4,1130,0,1,0,17,4,224,3,74,4,no
7,3186,1,0,0,9,4,104,1,-1,0,no
7,133,1,1,0,15,4,171,1,-1,0,yes
3,868,1,1,0,7,8,387,2,-1,0,no
1,480,0,1,0,15,5,830,1,352,2,yes
4,606,1,1,0,20,4,97,1,-1,0,yes
1,603,0,1,0,17,4,474,2,-1,0,no
4,548,1,1,1,31,7,115,6,-1,0,no
10,-872,0,0,0,20,11,153,1,183,1,no
1,33,0,1,0,20,11,106,2,167,1,no
8,260,1,1,0,19,11,52,1,152,6,no
9,589,0,1,0,2,2,223,1,76,4,no
9,626,0,1,0,11,5,126,2,-1,0,no
7,0,1,0,0,16,7,1473,6,-1,0,no
1,3792,1,1,0,22,4,279,2,-1,0,yes
1,14058,1,1,1,17,7,293,20,-1,0,no
9,-522,0,0,0,5,5,670,2,286,6,yes
10,1978,1,1,0,9,9,404,1,182,1,yes
0,459,1,1,0,14,10,317,6,192,1,no
10,2812,0,1,0,30,4,830,1,-1,0,yes
4,5057,1,0,0,19,11,37,1,-1,0,no
3,-759,0,1,0,11,7,191,1,-1,0,no
4,220,0,1,unknown,18,6,89,4,-1,0,no
1,0,0,1,unknown,2,6,746,2,-1,0,no
1,0,0,1,0,21,7,211,2,-1,0,no
6,6,0,1,0,13,10,216,1,183,4,yes
4,4039,1,0,0,25,7,106,2,-1,0,no
7,687,0,1,0,9,7,869,1,-1,0,yes
9,-242,0,1,0,18,5,1173,3,278,6,yes
4,582,0,1,0,15,7,58,2,-1,0,no
1,8218,0,1,0,31,7,124,10,-1,0,no
4,1424,0,1,0,8,8,201,2,-1,0,no
9,2085,1,1,0,9,2,501,2,-1,0,yes
9,197,1,1,0,30,4,260,1,-1,0,yes
9,2305,1,1,0,4,8,139,1,-1,0,no
9,411,1,1,0,21,4,142,1,-1,0,no
1,584,0,1,0,18,7,154,2,-1,0,no
4,997,0,0,0,21,11,81,1,-1,0,no
0,83,0,1,0,30,7,69,6,-1,0,no
4,6563,1,1,0,27,8,136,8,-1,0,no
7,0,0,1,0,31,7,99,13,-1,0,no
4,0,1,1,0,21,11,9,6,-1,0,no
0,1145,0,1,0,2,2,82,2,-1,0,no
4,2,0,1,0,11,9,100,2,-1,0,yes
4,201,0,1,0,19,11,171,1,183,1,no
4,3161,1,1,0,8,8,433,2,-1,0,no
9,0,1,0,0,15,7,624,6,-1,0,no
4,1331,1,1,0,23,7,698,2,-1,0,no
3,2929,1,1,0,14,8,518,2,-1,0,yes
7,-220,0,0,0,25,7,123,2,-1,0,no
7,48,0,1,0,20,4,8,3,-1,0,no
5,3382,1,0,0,28,5,294,2,309,2,no
9,2308,1,1,0,30,4,815,1,87,1,yes
8,10,0,1,0,21,7,857,4,-1,0,yes
1,1073,0,1,0,5,5,1130,4,-1,0,no
7,1700,0,1,0,7,5,13,5,-1,0,no
7,0,0,1,0,8,5,503,1,-1,0,no
1,185,0,1,0,29,1,249,3,-1,0,no
4,896,1,0,0,14,8,343,2,-1,0,no
1,1279,0,1,0,6,2,479,2,-1,0,no
9,199,0,0,0,3,2,116,2,253,1,no
4,99,1,1,0,9,2,15,5,-1,0,no
4,15,1,1,0,20,8,921,2,-1,0,yes
0,147,0,0,0,29,1,41,1,184,7,no
9,2225,1,0,0,13,8,73,2,-1,0,no
0,1810,0,1,0,25,5,65,2,-1,0,no
4,335,1,1,0,21,10,411,1,182,1,yes
0,-251,1,1,0,18,7,641,1,-1,0,yes
7,5,0,0,0,29,1,305,2,-1,0,no
6,641,0,1,0,17,4,472,1,148,2,no
0,0,0,1,0,21,7,115,1,-1,0,no
0,722,1,1,1,23,4,141,1,-1,0,no
9,3337,0,0,1,31,7,24,14,-1,0,no
9,0,1,1,0,28,7,264,5,-1,0,no
7,35,1,1,0,3,7,318,4,317,3,no
4,752,0,1,0,11,8,104,4,-1,0,no
1,1925,0,1,0,2,3,76,2,-1,0,no
0,894,1,1,0,5,2,509,2,-1,0,no
0,3529,1,0,0,7,9,57,2,-1,0,no
7,0,0,0,0,31,7,187,2,-1,0,no
5,0,1,1,0,5,6,493,2,-1,0,yes
1,371,0,1,0,31,7,18,44,-1,0,no
1,1,0,1,0,20,4,257,1,-1,0,no
9,834,0,1,0,11,7,196,2,-1,0,no
7,306,0,1,0,18,8,285,7,-1,0,no
7,1547,0,1,0,12,5,88,2,173,1,no
7,20,0,1,0,20,4,404,6,340,1,no
9,1626,1,1,0,7,5,356,2,286,3,no
0,749,1,1,0,21,4,219,1,-1,0,no
7,-1,1,1,0,22,7,60,2,-1,0,no
1,-32,0,1,0,12,5,145,1,-1,0,no
5,6850,1,1,1,5,3,252,3,183,1,no
9,333,1,0,1,12,11,129,1,-1,0,no
1,-27,1,0,1,31,7,77,13,-1,0,no
5,0,1,1,1,31,5,664,1,77,3,no
4,100,0,0,0,13,5,157,1,299,3,no
1,-626,0,1,0,9,7,205,1,-1,0,no
4,9,1,1,0,26,8,484,2,-1,0,no
1,293,0,0,0,7,5,102,1,-1,0,no
8,8366,1,1,0,7,5,458,2,349,1,no
2,20453,0,1,1,4,5,115,1,-1,0,no
4,19447,0,0,0,21,11,166,1,-1,0,no
1,225,1,1,0,18,7,171,7,-1,0,no
1,2548,0,1,0,11,5,577,1,368,1,no
9,0,1,1,0,21,8,224,8,-1,0,no
1,40,0,1,0,13,5,79,1,370,1,no
3,364,1,1,0,18,11,52,1,-1,0,no
9,174,1,1,1,11,5,259,4,-1,0,no
9,10888,0,1,0,5,8,163,1,-1,0,no
0,0,0,0,0,17,11,159,2,195,2,no
5,225,1,1,0,19,8,54,2,-1,0,no
5,2131,1,1,0,10,7,421,6,-1,0,no
1,-20,1,0,0,21,7,574,1,-1,0,yes
4,36,1,1,0,29,8,70,2,-1,0,no
1,2642,1,1,0,13,8,310,2,-1,0,no
0,400,0,1,0,7,5,223,1,-1,0,no
9,1214,1,1,0,3,2,39,1,-1,0,no
4,-292,0,1,0,19,8,181,6,-1,0,no
0,2540,1,1,0,18,11,110,5,-1,0,no
3,3232,1,1,1,15,6,94,2,-1,0,no
4,296,1,1,0,16,7,90,2,-1,0,no
4,42,1,1,0,25,8,115,6,-1,0,no
9,697,1,1,0,24,6,220,2,219,2,no
1,13156,0,1,0,17,4,291,4,331,1,no
5,1490,1,1,0,8,6,506,1,-1,0,yes
4,150,1,1,0,21,8,151,2,-1,0,no
4,4210,0,1,0,18,5,119,1,-1,0,no
7,1012,0,1,0,12,5,33,3,175,2,no
9,4787,0,1,0,18,11,266,1,167,2,no
7,92,0,1,0,7,5,240,1,-1,0,no
3,0,1,1,0,22,8,197,2,-1,0,no
7,0,1,1,0,31,7,106,4,-1,0,no
7,-94,0,1,0,14,7,41,2,-1,0,no
0,609,1,1,1,28,1,112,1,-1,0,no
4,4,1,0,0,28,7,30,9,-1,0,no
2,1121,0,0,0,16,4,211,3,-1,0,no
4,355,0,1,0,25,8,313,5,-1,0,no
1,3653,0,0,0,21,11,252,1,168,4,no
5,1097,1,1,1,5,3,181,1,-1,0,yes
4,436,1,0,0,28,7,118,4,-1,0,no
1,4795,0,1,0,17,4,57,1,-1,0,no
6,266,1,1,0,11,5,102,2,-1,0,no
10,3357,1,1,0,9,6,239,4,-1,0,yes
9,101,0,0,0,7,7,187,3,-1,0,no
1,10910,0,1,0,15,5,66,2,-1,0,no
5,0,1,1,0,8,5,239,1,368,2,no
1,305,0,1,0,18,5,7,7,367,25,no
5,31,1,1,0,19,8,260,2,-1,0,no
2,7929,1,1,0,8,7,182,3,-1,0,no
2,39,0,1,0,21,11,549,2,-1,0,yes
4,4945,1,1,0,11,8,445,1,-1,0,no
10,2116,0,1,0,13,5,409,2,-1,0,no
0,59,0,1,0,24,7,873,8,-1,0,yes
5,107,1,1,0,14,7,85,2,-1,0,no
10,-35,1,1,0,30,1,339,3,-1,0,no
4,2679,0,1,0,7,5,195,1,-1,0,no
5,493,1,1,0,16,10,622,1,182,1,no
7,256,0,1,0,4,5,101,2,-1,0,no
1,811,0,1,0,14,5,563,1,-1,0,yes
10,302,0,0,0,16,4,670,1,-1,0,no
4,3529,0,1,0,4,8,190,3,-1,0,no
9,999,0,1,0,20,11,215,6,188,2,no
7,260,0,1,0,17,4,446,2,-1,0,no
4,2048,0,1,0,18,10,310,1,804,1,yes
0,1536,1,1,0,4,5,54,2,-1,0,no
6,0,1,1,0,8,8,118,6,-1,0,no
4,295,0,1,0,5,8,157,1,-1,0,no
4,-17,0,0,0,11,5,474,1,256,1,yes
9,175,0,1,0,29,1,219,1,246,1,no
9,4888,0,1,1,5,5,475,4,166,2,no
9,40,1,1,0,26,8,359,3,-1,0,no
4,4460,1,1,1,31,7,168,2,-1,0,no
8,330,1,1,1,2,2,197,1,-1,0,no
1,1506,0,1,0,11,5,299,2,-1,0,no
4,0,1,1,1,27,5,198,2,-1,0,no
9,775,1,1,0,2,2,361,1,-1,0,no
8,246,0,1,1,12,5,25,1,-1,0,no
1,2146,0,1,0,7,5,1516,2,353,2,yes
4,6880,1,1,0,8,8,353,2,-1,0,no
9,2189,1,1,0,19,11,256,3,-1,0,no
1,5304,0,1,0,20,11,340,1,183,2,no
4,102,0,1,0,21,8,101,2,-1,0,no
1,181,0,1,0,17,4,599,2,-1,0,no
4,3953,0,1,0,6,4,610,2,138,1,no
4,572,1,1,0,16,dec,314,1,195,1,yes
0,223,0,1,0,17,4,508,1,315,11,no
6,2678,1,0,0,18,8,151,12,-1,0,no
9,920,0,1,0,21,11,58,1,122,4,no
7,4554,1,1,0,5,2,8,6,-1,0,no
4,623,1,1,0,28,6,297,4,144,4,yes
4,967,1,1,0,20,8,180,1,-1,0,no
10,1577,0,1,0,19,11,87,1,-1,0,no
3,1,0,1,1,28,7,59,5,-1,0,no
4,0,1,1,0,28,8,81,4,-1,0,no
9,4790,0,1,0,20,4,137,1,272,2,no
1,-237,0,1,1,10,7,73,1,-1,0,no
4,603,0,1,0,5,11,298,5,-1,0,no
4,577,1,1,0,7,8,101,2,-1,0,no
4,0,0,1,0,17,11,110,1,-1,0,no
0,163,0,1,0,30,1,107,2,-1,0,no
1,1158,0,1,0,16,4,743,1,-1,0,no
7,642,1,1,0,31,7,644,2,-1,0,no
0,466,0,1,0,29,1,169,1,-1,0,no
9,119,0,1,0,4,2,380,1,-1,0,no
4,3436,1,1,0,21,11,663,4,-1,0,yes
1,238,0,1,0,11,5,238,2,361,5,no
2,32,1,1,0,5,2,128,1,-1,0,no
10,315,1,1,0,30,1,130,1,2,1,no
4,6945,1,1,0,5,8,131,5,356,3,no
1,0,0,1,0,16,4,169,1,-1,0,no
9,309,0,0,0,16,4,346,1,234,3,no
4,1175,0,1,1,18,11,1476,3,-1,0,no
1,363,1,1,0,28,7,171,3,-1,0,no
2,38,1,1,0,20,11,185,2,-1,0,no
1,942,1,1,0,21,11,362,1,-1,0,no
0,4196,0,1,0,12,5,193,2,-1,0,no
4,297,0,1,0,26,8,63,4,-1,0,no
7,-91,0,0,0,5,2,43,1,-1,0,no
6,362,1,0,0,29,7,816,6,-1,0,yes
1,1080,0,0,0,13,5,951,3,370,4,yes
10,-166,1,1,0,29,8,85,4,-1,0,no
7,288,0,1,0,17,4,306,1,-1,0,no
9,2506,1,1,0,30,11,210,3,-1,0,no
1,322,1,1,0,14,8,356,2,-1,0,no
1,1205,0,1,0,20,4,45,4,153,1,no
7,473,0,1,0,7,7,624,5,-1,0,no
7,-333,0,1,0,30,7,329,5,-1,0,no
9,295,1,1,0,19,8,151,11,-1,0,no
1,1137,1,1,0,6,2,129,4,211,3,no
2,1136,0,0,0,3,4,345,2,249,7,no
